DATAFLOW,LAST UPDATE,freq,s_adj,age,unit,sex,geo,TIME_PERIOD,OBS_VALUE,OBS_FLAG,CONF_STATUS
ESTAT:UNE_RT_M(1.0),06/06/25 23:00:00,Monthly,Unadjusted data (i.e. neither seasonally adjusted nor calendar adjusted data),Total,Percentage of population in the labour force,Total,Belgium,1986-04,9.7,,
ESTAT:UNE_RT_M(1.0),06/06/25 23:00:00,Monthly,Unadjusted data (i.e. neither seasonally adjusted nor calendar adjusted data),Total,Percentage of population in the labour force,Total,Belgium,1986-05,9.6,,
ESTAT:UNE_RT_M(1.0),06/06/25 23:00:00,Monthly,Unadjusted data (i.e. neither seasonally adjusted nor calendar adjusted data),Total,Percentage of population in the labour force,Total,Belgium,1986-06,9.4,,
ESTAT:UNE_RT_M(1.0),06/06/25 23:00:00,Monthly,Unadjusted data (i.e. neither seasonally adjusted nor calendar adjusted data),Total,Percentage of population in the labour force,Total,Belgium,1986-07,9.8,,
ESTAT:UNE_RT_M(1.0),06/06/25 23:00:00,Monthly,Unadjusted data (i.e. neither seasonally adjusted nor calendar adjusted data),Total,Percentage of population in the labour force,Total,Belgium,1986-08,10.2,,
ESTAT:UNE_RT_M(1.0),06/06/25 23:00:00,Monthly,Unadjusted data (i.e. neither seasonally adjusted nor calendar adjusted data),Total,Percentage of population in the labour force,Total,Belgium,1986-09,10.3,,
ESTAT:UNE_RT_M(1.0),06/06/25 23:00:00,Monthly,Unadjusted data (i.e. neither seasonally adjusted nor calendar adjusted data),Total,Percentage of population in the labour force,Total,Belgium,1986-10,10.4,,
ESTAT:UNE_RT_M(1.0),06/06/25 23:00:00,Monthly,Unadjusted data (i.e. neither seasonally adjusted nor calendar adjusted data),Total,Percentage of population in the labour force,Total,Belgium,1986-11,10.3,,
ESTAT:UNE_RT_M(1.0),06/06/25 23:00:00,Monthly,Unadjusted data (i.e. neither seasonally adjusted nor calendar adjusted data),Total,Percentage of population in the labour force,Total,Belgium,1986-12,10.3,,
ESTAT:UNE_RT_M(1.0),06/06/25 23:00:00,Monthly,Unadjusted data (i.e. neither seasonally adjusted nor calendar adjusted data),Total,Percentage of population in the labour force,Total,Belgium,1987-01,10.3,,
ESTAT:UNE_RT_M(1.0),06/06/25 23:00:00,Monthly,Unadjusted data (i.e. neither seasonally adjusted nor calendar adjusted data),Total,Percentage of population in the labour force,Total,Belgium,1987-02,10.1,,
ESTAT:UNE_RT_M(1.0),06/06/25 23:00:00,Monthly,Unadjusted data (i.e. neither seasonally adjusted nor calendar adjusted data),Total,Percentage of population in the labour force,Total,Belgium,1987-03,9.8,,
ESTAT:UNE_RT_M(1.0),06/06/25 23:00:00,Monthly,Unadjusted data (i.e. neither seasonally adjusted nor calendar adjusted data),Total,Percentage of population in the labour force,Total,Belgium,1987-04,9.6,,
ESTAT:UNE_RT_M(1.0),06/06/25 23:00:00,Monthly,Unadjusted data (i.e. neither seasonally adjusted nor calendar adjusted data),Total,Percentage of population in the labour force,Total,Belgium,1987-05,9.4,,
ESTAT:UNE_RT_M(1.0),06/06/25 23:00:00,Monthly,Unadjusted data (i.e. neither seasonally adjusted nor calendar adjusted data),Total,Percentage of population in the labour force,Total,Belgium,1987-06,9.3,,
ESTAT:UNE_RT_M(1.0),06/06/25 23:00:00,Monthly,Unadjusted data (i.e. neither seasonally adjusted nor calendar adjusted data),Total,Percentage of population in the labour force,Total,Belgium,1987-07,9.6,,
ESTAT:UNE_RT_M(1.0),06/06/25 23:00:00,Monthly,Unadjusted data (i.e. neither seasonally adjusted nor calendar adjusted data),Total,Percentage of population in the labour force,Total,Belgium,1987-08,10.0,,
ESTAT:UNE_RT_M(1.0),06/06/25 23:00:00,Monthly,Unadjusted data (i.e. neither seasonally adjusted nor calendar adjusted data),Total,Percentage of population in the labour force,Total,Belgium,1987-09,10.0,,
ESTAT:UNE_RT_M(1.0),06/06/25 23:00:00,Monthly,Unadjusted data (i.e. neither seasonally adjusted nor calendar adjusted data),Total,Percentage of population in the labour force,Total,Belgium,1987-10,10.0,,
ESTAT:UNE_RT_M(1.0),06/06/25 23:00:00,Monthly,Unadjusted data (i.e. neither seasonally adjusted nor calendar adjusted data),Total,Percentage of population in the labour force,Total,Belgium,1987-11,9.8,,
ESTAT:UNE_RT_M(1.0),06/06/25 23:00:00,Monthly,Unadjusted data (i.e. neither seasonally adjusted nor calendar adjusted data),Total,Percentage of population in the labour force,Total,Belgium,1987-12,9.7,,
ESTAT:UNE_RT_M(1.0),06/06/25 23:00:00,Monthly,Unadjusted data (i.e. neither seasonally adjusted nor calendar adjusted data),Total,Percentage of population in the labour force,Total,Belgium,1988-01,9.6,,
ESTAT:UNE_RT_M(1.0),06/06/25 23:00:00,Monthly,Unadjusted data (i.e. neither seasonally adjusted nor calendar adjusted data),Total,Percentage of population in the labour force,Total,Belgium,1988-02,9.5,,
ESTAT:UNE_RT_M(1.0),06/06/25 23:00:00,Monthly,Unadjusted data (i.e. neither seasonally adjusted nor calendar adjusted data),Total,Percentage of population in the labour force,Total,Belgium,1988-03,9.1,,
ESTAT:UNE_RT_M(1.0),06/06/25 23:00:00,Monthly,Unadjusted data (i.e. neither seasonally adjusted nor calendar adjusted data),Total,Percentage of population in the labour force,Total,Belgium,1988-04,8.8,,
ESTAT:UNE_RT_M(1.0),06/06/25 23:00:00,Monthly,Unadjusted data (i.e. neither seasonally adjusted nor calendar adjusted data),Total,Percentage of population in the labour force,Total,Belgium,1988-05,8.6,,
ESTAT:UNE_RT_M(1.0),06/06/25 23:00:00,Monthly,Unadjusted data (i.e. neither seasonally adjusted nor calendar adjusted data),Total,Percentage of population in the labour force,Total,Belgium,1988-06,8.3,,
ESTAT:UNE_RT_M(1.0),06/06/25 23:00:00,Monthly,Unadjusted data (i.e. neither seasonally adjusted nor calendar adjusted data),Total,Percentage of population in the labour force,Total,Belgium,1988-07,8.6,,
ESTAT:UNE_RT_M(1.0),06/06/25 23:00:00,Monthly,Unadjusted data (i.e. neither seasonally adjusted nor calendar adjusted data),Total,Percentage of population in the labour force,Total,Belgium,1988-08,9.0,,
ESTAT:UNE_RT_M(1.0),06/06/25 23:00:00,Monthly,Unadjusted data (i.e. neither seasonally adjusted nor calendar adjusted data),Total,Percentage of population in the labour force,Total,Belgium,1988-09,8.9,,
ESTAT:UNE_RT_M(1.0),06/06/25 23:00:00,Monthly,Unadjusted data (i.e. neither seasonally adjusted nor calendar adjusted data),Total,Percentage of population in the labour force,Total,Belgium,1988-10,8.6,,
ESTAT:UNE_RT_M(1.0),06/06/25 23:00:00,Monthly,Unadjusted data (i.e. neither seasonally adjusted nor calendar adjusted data),Total,Percentage of population in the labour force,Total,Belgium,1988-11,8.4,,
ESTAT:UNE_RT_M(1.0),06/06/25 23:00:00,Monthly,Unadjusted data (i.e. neither seasonally adjusted nor calendar adjusted data),Total,Percentage of population in the labour force,Total,Belgium,1988-12,8.2,,
ESTAT:UNE_RT_M(1.0),06/06/25 23:00:00,Monthly,Unadjusted data (i.e. neither seasonally adjusted nor calendar adjusted data),Total,Percentage of population in the labour force,Total,Belgium,1989-01,8.1,,
ESTAT:UNE_RT_M(1.0),06/06/25 23:00:00,Monthly,Unadjusted data (i.e. neither seasonally adjusted nor calendar adjusted data),Total,Percentage of population in the labour force,Total,Belgium,1989-02,7.9,,
ESTAT:UNE_RT_M(1.0),06/06/25 23:00:00,Monthly,Unadjusted data (i.e. neither seasonally adjusted nor calendar adjusted data),Total,Percentage of population in the labour force,Total,Belgium,1989-03,7.6,,
ESTAT:UNE_RT_M(1.0),06/06/25 23:00:00,Monthly,Unadjusted data (i.e. neither seasonally adjusted nor calendar adjusted data),Total,Percentage of population in the labour force,Total,Belgium,1989-04,7.3,,
ESTAT:UNE_RT_M(1.0),06/06/25 23:00:00,Monthly,Unadjusted data (i.e. neither seasonally adjusted nor calendar adjusted data),Total,Percentage of population in the labour force,Total,Belgium,1989-05,7.0,,
ESTAT:UNE_RT_M(1.0),06/06/25 23:00:00,Monthly,Unadjusted data (i.e. neither seasonally adjusted nor calendar adjusted data),Total,Percentage of population in the labour force,Total,Belgium,1989-06,6.8,,
ESTAT:UNE_RT_M(1.0),06/06/25 23:00:00,Monthly,Unadjusted data (i.e. neither seasonally adjusted nor calendar adjusted data),Total,Percentage of population in the labour force,Total,Belgium,1989-07,7.1,,
ESTAT:UNE_RT_M(1.0),06/06/25 23:00:00,Monthly,Unadjusted data (i.e. neither seasonally adjusted nor calendar adjusted data),Total,Percentage of population in the labour force,Total,Belgium,1989-08,7.6,,
ESTAT:UNE_RT_M(1.0),06/06/25 23:00:00,Monthly,Unadjusted data (i.e. neither seasonally adjusted nor calendar adjusted data),Total,Percentage of population in the labour force,Total,Belgium,1989-09,7.6,,
ESTAT:UNE_RT_M(1.0),06/06/25 23:00:00,Monthly,Unadjusted data (i.e. neither seasonally adjusted nor calendar adjusted data),Total,Percentage of population in the labour force,Total,Belgium,1989-10,7.3,,
ESTAT:UNE_RT_M(1.0),06/06/25 23:00:00,Monthly,Unadjusted data (i.e. neither seasonally adjusted nor calendar adjusted data),Total,Percentage of population in the labour force,Total,Belgium,1989-11,7.2,,
ESTAT:UNE_RT_M(1.0),06/06/25 23:00:00,Monthly,Unadjusted data (i.e. neither seasonally adjusted nor calendar adjusted data),Total,Percentage of population in the labour force,Total,Belgium,1989-12,7.1,,
ESTAT:UNE_RT_M(1.0),06/06/25 23:00:00,Monthly,Unadjusted data (i.e. neither seasonally adjusted nor calendar adjusted data),Total,Percentage of population in the labour force,Total,Belgium,1990-01,7.0,,
ESTAT:UNE_RT_M(1.0),06/06/25 23:00:00,Monthly,Unadjusted data (i.e. neither seasonally adjusted nor calendar adjusted data),Total,Percentage of population in the labour force,Total,Belgium,1990-02,6.8,,
ESTAT:UNE_RT_M(1.0),06/06/25 23:00:00,Monthly,Unadjusted data (i.e. neither seasonally adjusted nor calendar adjusted data),Total,Percentage of population in the labour force,Total,Belgium,1990-03,6.6,,
ESTAT:UNE_RT_M(1.0),06/06/25 23:00:00,Monthly,Unadjusted data (i.e. neither seasonally adjusted nor calendar adjusted data),Total,Percentage of population in the labour force,Total,Belgium,1990-04,6.3,,
ESTAT:UNE_RT_M(1.0),06/06/25 23:00:00,Monthly,Unadjusted data (i.e. neither seasonally adjusted nor calendar adjusted data),Total,Percentage of population in the labour force,Total,Belgium,1990-05,6.1,,
ESTAT:UNE_RT_M(1.0),06/06/25 23:00:00,Monthly,Unadjusted data (i.e. neither seasonally adjusted nor calendar adjusted data),Total,Percentage of population in the labour force,Total,Belgium,1990-06,6.0,,
ESTAT:UNE_RT_M(1.0),06/06/25 23:00:00,Monthly,Unadjusted data (i.e. neither seasonally adjusted nor calendar adjusted data),Total,Percentage of population in the labour force,Total,Belgium,1990-07,6.4,,
ESTAT:UNE_RT_M(1.0),06/06/25 23:00:00,Monthly,Unadjusted data (i.e. neither seasonally adjusted nor calendar adjusted data),Total,Percentage of population in the labour force,Total,Belgium,1990-08,6.8,,
ESTAT:UNE_RT_M(1.0),06/06/25 23:00:00,Monthly,Unadjusted data (i.e. neither seasonally adjusted nor calendar adjusted data),Total,Percentage of population in the labour force,Total,Belgium,1990-09,6.8,,
ESTAT:UNE_RT_M(1.0),06/06/25 23:00:00,Monthly,Unadjusted data (i.e. neither seasonally adjusted nor calendar adjusted data),Total,Percentage of population in the labour force,Total,Belgium,1990-10,6.7,,
ESTAT:UNE_RT_M(1.0),06/06/25 23:00:00,Monthly,Unadjusted data (i.e. neither seasonally adjusted nor calendar adjusted data),Total,Percentage of population in the labour force,Total,Belgium,1990-11,6.6,,
ESTAT:UNE_RT_M(1.0),06/06/25 23:00:00,Monthly,Unadjusted data (i.e. neither seasonally adjusted nor calendar adjusted data),Total,Percentage of population in the labour force,Total,Belgium,1990-12,6.5,,
ESTAT:UNE_RT_M(1.0),06/06/25 23:00:00,Monthly,Unadjusted data (i.e. neither seasonally adjusted nor calendar adjusted data),Total,Percentage of population in the labour force,Total,Belgium,1991-01,6.5,,
ESTAT:UNE_RT_M(1.0),06/06/25 23:00:00,Monthly,Unadjusted data (i.e. neither seasonally adjusted nor calendar adjusted data),Total,Percentage of population in the labour force,Total,Belgium,1991-02,6.4,,
ESTAT:UNE_RT_M(1.0),06/06/25 23:00:00,Monthly,Unadjusted data (i.e. neither seasonally adjusted nor calendar adjusted data),Total,Percentage of population in the labour force,Total,Belgium,1991-03,6.3,,
ESTAT:UNE_RT_M(1.0),06/06/25 23:00:00,Monthly,Unadjusted data (i.e. neither seasonally adjusted nor calendar adjusted data),Total,Percentage of population in the labour force,Total,Belgium,1991-04,6.1,,
ESTAT:UNE_RT_M(1.0),06/06/25 23:00:00,Monthly,Unadjusted data (i.e. neither seasonally adjusted nor calendar adjusted data),Total,Percentage of population in the labour force,Total,Belgium,1991-05,5.9,,
ESTAT:UNE_RT_M(1.0),06/06/25 23:00:00,Monthly,Unadjusted data (i.e. neither seasonally adjusted nor calendar adjusted data),Total,Percentage of population in the labour force,Total,Belgium,1991-06,5.9,,
ESTAT:UNE_RT_M(1.0),06/06/25 23:00:00,Monthly,Unadjusted data (i.e. neither seasonally adjusted nor calendar adjusted data),Total,Percentage of population in the labour force,Total,Belgium,1991-07,6.3,,
ESTAT:UNE_RT_M(1.0),06/06/25 23:00:00,Monthly,Unadjusted data (i.e. neither seasonally adjusted nor calendar adjusted data),Total,Percentage of population in the labour force,Total,Belgium,1991-08,6.7,,
ESTAT:UNE_RT_M(1.0),06/06/25 23:00:00,Monthly,Unadjusted data (i.e. neither seasonally adjusted nor calendar adjusted data),Total,Percentage of population in the labour force,Total,Belgium,1991-09,6.8,,
ESTAT:UNE_RT_M(1.0),06/06/25 23:00:00,Monthly,Unadjusted data (i.e. neither seasonally adjusted nor calendar adjusted data),Total,Percentage of population in the labour force,Total,Belgium,1991-10,6.8,,
ESTAT:UNE_RT_M(1.0),06/06/25 23:00:00,Monthly,Unadjusted data (i.e. neither seasonally adjusted nor calendar adjusted data),Total,Percentage of population in the labour force,Total,Belgium,1991-11,6.8,,
ESTAT:UNE_RT_M(1.0),06/06/25 23:00:00,Monthly,Unadjusted data (i.e. neither seasonally adjusted nor calendar adjusted data),Total,Percentage of population in the labour force,Total,Belgium,1991-12,6.8,,
ESTAT:UNE_RT_M(1.0),06/06/25 23:00:00,Monthly,Unadjusted data (i.e. neither seasonally adjusted nor calendar adjusted data),Total,Percentage of population in the labour force,Total,Belgium,1992-01,6.9,,
ESTAT:UNE_RT_M(1.0),06/06/25 23:00:00,Monthly,Unadjusted data (i.e. neither seasonally adjusted nor calendar adjusted data),Total,Percentage of population in the labour force,Total,Belgium,1992-02,6.8,,
ESTAT:UNE_RT_M(1.0),06/06/25 23:00:00,Monthly,Unadjusted data (i.e. neither seasonally adjusted nor calendar adjusted data),Total,Percentage of population in the labour force,Total,Belgium,1992-03,6.7,,
ESTAT:UNE_RT_M(1.0),06/06/25 23:00:00,Monthly,Unadjusted data (i.e. neither seasonally adjusted nor calendar adjusted data),Total,Percentage of population in the labour force,Total,Belgium,1992-04,6.6,,
ESTAT:UNE_RT_M(1.0),06/06/25 23:00:00,Monthly,Unadjusted data (i.e. neither seasonally adjusted nor calendar adjusted data),Total,Percentage of population in the labour force,Total,Belgium,1992-05,6.5,,
ESTAT:UNE_RT_M(1.0),06/06/25 23:00:00,Monthly,Unadjusted data (i.e. neither seasonally adjusted nor calendar adjusted data),Total,Percentage of population in the labour force,Total,Belgium,1992-06,6.5,,
ESTAT:UNE_RT_M(1.0),06/06/25 23:00:00,Monthly,Unadjusted data (i.e. neither seasonally adjusted nor calendar adjusted data),Total,Percentage of population in the labour force,Total,Belgium,1992-07,7.0,,
ESTAT:UNE_RT_M(1.0),06/06/25 23:00:00,Monthly,Unadjusted data (i.e. neither seasonally adjusted nor calendar adjusted data),Total,Percentage of population in the labour force,Total,Belgium,1992-08,7.5,,
ESTAT:UNE_RT_M(1.0),06/06/25 23:00:00,Monthly,Unadjusted data (i.e. neither seasonally adjusted nor calendar adjusted data),Total,Percentage of population in the labour force,Total,Belgium,1992-09,7.6,,
ESTAT:UNE_RT_M(1.0),06/06/25 23:00:00,Monthly,Unadjusted data (i.e. neither seasonally adjusted nor calendar adjusted data),Total,Percentage of population in the labour force,Total,Belgium,1992-10,7.6,,
ESTAT:UNE_RT_M(1.0),06/06/25 23:00:00,Monthly,Unadjusted data (i.e. neither seasonally adjusted nor calendar adjusted data),Total,Percentage of population in the labour force,Total,Belgium,1992-11,7.6,,
ESTAT:UNE_RT_M(1.0),06/06/25 23:00:00,Monthly,Unadjusted data (i.e. neither seasonally adjusted nor calendar adjusted data),Total,Percentage of population in the labour force,Total,Belgium,1992-12,7.8,,
ESTAT:UNE_RT_M(1.0),06/06/25 23:00:00,Monthly,Unadjusted data (i.e. neither seasonally adjusted nor calendar adjusted data),Total,Percentage of population in the labour force,Total,Belgium,1993-01,8.0,,
ESTAT:UNE_RT_M(1.0),06/06/25 23:00:00,Monthly,Unadjusted data (i.e. neither seasonally adjusted nor calendar adjusted data),Total,Percentage of population in the labour force,Total,Belgium,1993-02,8.0,,
ESTAT:UNE_RT_M(1.0),06/06/25 23:00:00,Monthly,Unadjusted data (i.e. neither seasonally adjusted nor calendar adjusted data),Total,Percentage of population in the labour force,Total,Belgium,1993-03,8.0,,
ESTAT:UNE_RT_M(1.0),06/06/25 23:00:00,Monthly,Unadjusted data (i.e. neither seasonally adjusted nor calendar adjusted data),Total,Percentage of population in the labour force,Total,Belgium,1993-04,7.9,,
ESTAT:UNE_RT_M(1.0),06/06/25 23:00:00,Monthly,Unadjusted data (i.e. neither seasonally adjusted nor calendar adjusted data),Total,Percentage of population in the labour force,Total,Belgium,1993-05,7.9,,
ESTAT:UNE_RT_M(1.0),06/06/25 23:00:00,Monthly,Unadjusted data (i.e. neither seasonally adjusted nor calendar adjusted data),Total,Percentage of population in the labour force,Total,Belgium,1993-06,8.0,,
ESTAT:UNE_RT_M(1.0),06/06/25 23:00:00,Monthly,Unadjusted data (i.e. neither seasonally adjusted nor calendar adjusted data),Total,Percentage of population in the labour force,Total,Belgium,1993-07,8.5,,
ESTAT:UNE_RT_M(1.0),06/06/25 23:00:00,Monthly,Unadjusted data (i.e. neither seasonally adjusted nor calendar adjusted data),Total,Percentage of population in the labour force,Total,Belgium,1993-08,9.2,,
ESTAT:UNE_RT_M(1.0),06/06/25 23:00:00,Monthly,Unadjusted data (i.e. neither seasonally adjusted nor calendar adjusted data),Total,Percentage of population in the labour force,Total,Belgium,1993-09,9.4,,
ESTAT:UNE_RT_M(1.0),06/06/25 23:00:00,Monthly,Unadjusted data (i.e. neither seasonally adjusted nor calendar adjusted data),Total,Percentage of population in the labour force,Total,Belgium,1993-10,9.5,,
ESTAT:UNE_RT_M(1.0),06/06/25 23:00:00,Monthly,Unadjusted data (i.e. neither seasonally adjusted nor calendar adjusted data),Total,Percentage of population in the labour force,Total,Belgium,1993-11,9.5,,
ESTAT:UNE_RT_M(1.0),06/06/25 23:00:00,Monthly,Unadjusted data (i.e. neither seasonally adjusted nor calendar adjusted data),Total,Percentage of population in the labour force,Total,Belgium,1993-12,9.6,,
ESTAT:UNE_RT_M(1.0),06/06/25 23:00:00,Monthly,Unadjusted data (i.e. neither seasonally adjusted nor calendar adjusted data),Total,Percentage of population in the labour force,Total,Belgium,1994-01,9.7,,
ESTAT:UNE_RT_M(1.0),06/06/25 23:00:00,Monthly,Unadjusted data (i.e. neither seasonally adjusted nor calendar adjusted data),Total,Percentage of population in the labour force,Total,Belgium,1994-02,9.7,,
ESTAT:UNE_RT_M(1.0),06/06/25 23:00:00,Monthly,Unadjusted data (i.e. neither seasonally adjusted nor calendar adjusted data),Total,Percentage of population in the labour force,Total,Belgium,1994-03,9.6,,
ESTAT:UNE_RT_M(1.0),06/06/25 23:00:00,Monthly,Unadjusted data (i.e. neither seasonally adjusted nor calendar adjusted data),Total,Percentage of population in the labour force,Total,Belgium,1994-04,9.5,,
ESTAT:UNE_RT_M(1.0),06/06/25 23:00:00,Monthly,Unadjusted data (i.e. neither seasonally adjusted nor calendar adjusted data),Total,Percentage of population in the labour force,Total,Belgium,1994-05,9.4,,
ESTAT:UNE_RT_M(1.0),06/06/25 23:00:00,Monthly,Unadjusted data (i.e. neither seasonally adjusted nor calendar adjusted data),Total,Percentage of population in the labour force,Total,Belgium,1994-06,9.3,,
ESTAT:UNE_RT_M(1.0),06/06/25 23:00:00,Monthly,Unadjusted data (i.e. neither seasonally adjusted nor calendar adjusted data),Total,Percentage of population in the labour force,Total,Belgium,1994-07,9.6,,
ESTAT:UNE_RT_M(1.0),06/06/25 23:00:00,Monthly,Unadjusted data (i.e. neither seasonally adjusted nor calendar adjusted data),Total,Percentage of population in the labour force,Total,Belgium,1994-08,10.2,,
ESTAT:UNE_RT_M(1.0),06/06/25 23:00:00,Monthly,Unadjusted data (i.e. neither seasonally adjusted nor calendar adjusted data),Total,Percentage of population in the labour force,Total,Belgium,1994-09,10.2,,
ESTAT:UNE_RT_M(1.0),06/06/25 23:00:00,Monthly,Unadjusted data (i.e. neither seasonally adjusted nor calendar adjusted data),Total,Percentage of population in the labour force,Total,Belgium,1994-10,10.1,,
ESTAT:UNE_RT_M(1.0),06/06/25 23:00:00,Monthly,Unadjusted data (i.e. neither seasonally adjusted nor calendar adjusted data),Total,Percentage of population in the labour force,Total,Belgium,1994-11,9.9,,
ESTAT:UNE_RT_M(1.0),06/06/25 23:00:00,Monthly,Unadjusted data (i.e. neither seasonally adjusted nor calendar adjusted data),Total,Percentage of population in the labour force,Total,Belgium,1994-12,9.8,,
ESTAT:UNE_RT_M(1.0),06/06/25 23:00:00,Monthly,Unadjusted data (i.e. neither seasonally adjusted nor calendar adjusted data),Total,Percentage of population in the labour force,Total,Belgium,1995-01,9.8,,
ESTAT:UNE_RT_M(1.0),06/06/25 23:00:00,Monthly,Unadjusted data (i.e. neither seasonally adjusted nor calendar adjusted data),Total,Percentage of population in the labour force,Total,Belgium,1995-02,9.7,,
ESTAT:UNE_RT_M(1.0),06/06/25 23:00:00,Monthly,Unadjusted data (i.e. neither seasonally adjusted nor calendar adjusted data),Total,Percentage of population in the labour force,Total,Belgium,1995-03,9.5,,
ESTAT:UNE_RT_M(1.0),06/06/25 23:00:00,Monthly,Unadjusted data (i.e. neither seasonally adjusted nor calendar adjusted data),Total,Percentage of population in the labour force,Total,Belgium,1995-04,9.3,,
ESTAT:UNE_RT_M(1.0),06/06/25 23:00:00,Monthly,Unadjusted data (i.e. neither seasonally adjusted nor calendar adjusted data),Total,Percentage of population in the labour force,Total,Belgium,1995-05,9.1,,
ESTAT:UNE_RT_M(1.0),06/06/25 23:00:00,Monthly,Unadjusted data (i.e. neither seasonally adjusted nor calendar adjusted data),Total,Percentage of population in the labour force,Total,Belgium,1995-06,9.0,,
ESTAT:UNE_RT_M(1.0),06/06/25 23:00:00,Monthly,Unadjusted data (i.e. neither seasonally adjusted nor calendar adjusted data),Total,Percentage of population in the labour force,Total,Belgium,1995-07,9.5,,
ESTAT:UNE_RT_M(1.0),06/06/25 23:00:00,Monthly,Unadjusted data (i.e. neither seasonally adjusted nor calendar adjusted data),Total,Percentage of population in the labour force,Total,Belgium,1995-08,10.0,,
ESTAT:UNE_RT_M(1.0),06/06/25 23:00:00,Monthly,Unadjusted data (i.e. neither seasonally adjusted nor calendar adjusted data),Total,Percentage of population in the labour force,Total,Belgium,1995-09,10.2,,
ESTAT:UNE_RT_M(1.0),06/06/25 23:00:00,Monthly,Unadjusted data (i.e. neither seasonally adjusted nor calendar adjusted data),Total,Percentage of population in the labour force,Total,Belgium,1995-10,10.1,,
ESTAT:UNE_RT_M(1.0),06/06/25 23:00:00,Monthly,Unadjusted data (i.e. neither seasonally adjusted nor calendar adjusted data),Total,Percentage of population in the labour force,Total,Belgium,1995-11,10.0,,
ESTAT:UNE_RT_M(1.0),06/06/25 23:00:00,Monthly,Unadjusted data (i.e. neither seasonally adjusted nor calendar adjusted data),Total,Percentage of population in the labour force,Total,Belgium,1995-12,9.9,,
ESTAT:UNE_RT_M(1.0),06/06/25 23:00:00,Monthly,Unadjusted data (i.e. neither seasonally adjusted nor calendar adjusted data),Total,Percentage of population in the labour force,Total,Belgium,1996-01,10.0,,
ESTAT:UNE_RT_M(1.0),06/06/25 23:00:00,Monthly,Unadjusted data (i.e. neither seasonally adjusted nor calendar adjusted data),Total,Percentage of population in the labour force,Total,Belgium,1996-02,9.9,,
ESTAT:UNE_RT_M(1.0),06/06/25 23:00:00,Monthly,Unadjusted data (i.e. neither seasonally adjusted nor calendar adjusted data),Total,Percentage of population in the labour force,Total,Belgium,1996-03,9.7,,
ESTAT:UNE_RT_M(1.0),06/06/25 23:00:00,Monthly,Unadjusted data (i.e. neither seasonally adjusted nor calendar adjusted data),Total,Percentage of population in the labour force,Total,Belgium,1996-04,9.5,,
ESTAT:UNE_RT_M(1.0),06/06/25 23:00:00,Monthly,Unadjusted data (i.e. neither seasonally adjusted nor calendar adjusted data),Total,Percentage of population in the labour force,Total,Belgium,1996-05,9.2,,
ESTAT:UNE_RT_M(1.0),06/06/25 23:00:00,Monthly,Unadjusted data (i.e. neither seasonally adjusted nor calendar adjusted data),Total,Percentage of population in the labour force,Total,Belgium,1996-06,9.0,,
ESTAT:UNE_RT_M(1.0),06/06/25 23:00:00,Monthly,Unadjusted data (i.e. neither seasonally adjusted nor calendar adjusted data),Total,Percentage of population in the labour force,Total,Belgium,1996-07,9.3,,
ESTAT:UNE_RT_M(1.0),06/06/25 23:00:00,Monthly,Unadjusted data (i.e. neither seasonally adjusted nor calendar adjusted data),Total,Percentage of population in the labour force,Total,Belgium,1996-08,9.8,,
ESTAT:UNE_RT_M(1.0),06/06/25 23:00:00,Monthly,Unadjusted data (i.e. neither seasonally adjusted nor calendar adjusted data),Total,Percentage of population in the labour force,Total,Belgium,1996-09,9.8,,
ESTAT:UNE_RT_M(1.0),06/06/25 23:00:00,Monthly,Unadjusted data (i.e. neither seasonally adjusted nor calendar adjusted data),Total,Percentage of population in the labour force,Total,Belgium,1996-10,9.6,,
ESTAT:UNE_RT_M(1.0),06/06/25 23:00:00,Monthly,Unadjusted data (i.e. neither seasonally adjusted nor calendar adjusted data),Total,Percentage of population in the labour force,Total,Belgium,1996-11,9.4,,
ESTAT:UNE_RT_M(1.0),06/06/25 23:00:00,Monthly,Unadjusted data (i.e. neither seasonally adjusted nor calendar adjusted data),Total,Percentage of population in the labour force,Total,Belgium,1996-12,9.3,,
ESTAT:UNE_RT_M(1.0),06/06/25 23:00:00,Monthly,Unadjusted data (i.e. neither seasonally adjusted nor calendar adjusted data),Total,Percentage of population in the labour force,Total,Belgium,1997-01,9.2,,
ESTAT:UNE_RT_M(1.0),06/06/25 23:00:00,Monthly,Unadjusted data (i.e. neither seasonally adjusted nor calendar adjusted data),Total,Percentage of population in the labour force,Total,Belgium,1997-02,9.2,,
ESTAT:UNE_RT_M(1.0),06/06/25 23:00:00,Monthly,Unadjusted data (i.e. neither seasonally adjusted nor calendar adjusted data),Total,Percentage of population in the labour force,Total,Belgium,1997-03,9.0,,
ESTAT:UNE_RT_M(1.0),06/06/25 23:00:00,Monthly,Unadjusted data (i.e. neither seasonally adjusted nor calendar adjusted data),Total,Percentage of population in the labour force,Total,Belgium,1997-04,8.8,,
ESTAT:UNE_RT_M(1.0),06/06/25 23:00:00,Monthly,Unadjusted data (i.e. neither seasonally adjusted nor calendar adjusted data),Total,Percentage of population in the labour force,Total,Belgium,1997-05,8.7,,
ESTAT:UNE_RT_M(1.0),06/06/25 23:00:00,Monthly,Unadjusted data (i.e. neither seasonally adjusted nor calendar adjusted data),Total,Percentage of population in the labour force,Total,Belgium,1997-06,8.7,,
ESTAT:UNE_RT_M(1.0),06/06/25 23:00:00,Monthly,Unadjusted data (i.e. neither seasonally adjusted nor calendar adjusted data),Total,Percentage of population in the labour force,Total,Belgium,1997-07,9.1,,
ESTAT:UNE_RT_M(1.0),06/06/25 23:00:00,Monthly,Unadjusted data (i.e. neither seasonally adjusted nor calendar adjusted data),Total,Percentage of population in the labour force,Total,Belgium,1997-08,9.7,,
ESTAT:UNE_RT_M(1.0),06/06/25 23:00:00,Monthly,Unadjusted data (i.e. neither seasonally adjusted nor calendar adjusted data),Total,Percentage of population in the labour force,Total,Belgium,1997-09,9.8,,
ESTAT:UNE_RT_M(1.0),06/06/25 23:00:00,Monthly,Unadjusted data (i.e. neither seasonally adjusted nor calendar adjusted data),Total,Percentage of population in the labour force,Total,Belgium,1997-10,9.6,,
ESTAT:UNE_RT_M(1.0),06/06/25 23:00:00,Monthly,Unadjusted data (i.e. neither seasonally adjusted nor calendar adjusted data),Total,Percentage of population in the labour force,Total,Belgium,1997-11,9.4,,
ESTAT:UNE_RT_M(1.0),06/06/25 23:00:00,Monthly,Unadjusted data (i.e. neither seasonally adjusted nor calendar adjusted data),Total,Percentage of population in the labour force,Total,Belgium,1997-12,9.4,,
ESTAT:UNE_RT_M(1.0),06/06/25 23:00:00,Monthly,Unadjusted data (i.e. neither seasonally adjusted nor calendar adjusted data),Total,Percentage of population in the labour force,Total,Belgium,1998-01,9.5,,
ESTAT:UNE_RT_M(1.0),06/06/25 23:00:00,Monthly,Unadjusted data (i.e. neither seasonally adjusted nor calendar adjusted data),Total,Percentage of population in the labour force,Total,Belgium,1998-02,9.4,,
ESTAT:UNE_RT_M(1.0),06/06/25 23:00:00,Monthly,Unadjusted data (i.e. neither seasonally adjusted nor calendar adjusted data),Total,Percentage of population in the labour force,Total,Belgium,1998-03,9.3,,
ESTAT:UNE_RT_M(1.0),06/06/25 23:00:00,Monthly,Unadjusted data (i.e. neither seasonally adjusted nor calendar adjusted data),Total,Percentage of population in the labour force,Total,Belgium,1998-04,9.2,,
ESTAT:UNE_RT_M(1.0),06/06/25 23:00:00,Monthly,Unadjusted data (i.e. neither seasonally adjusted nor calendar adjusted data),Total,Percentage of population in the labour force,Total,Belgium,1998-05,9.0,,
ESTAT:UNE_RT_M(1.0),06/06/25 23:00:00,Monthly,Unadjusted data (i.e. neither seasonally adjusted nor calendar adjusted data),Total,Percentage of population in the labour force,Total,Belgium,1998-06,8.9,,
ESTAT:UNE_RT_M(1.0),06/06/25 23:00:00,Monthly,Unadjusted data (i.e. neither seasonally adjusted nor calendar adjusted data),Total,Percentage of population in the labour force,Total,Belgium,1998-07,9.2,,
ESTAT:UNE_RT_M(1.0),06/06/25 23:00:00,Monthly,Unadjusted data (i.e. neither seasonally adjusted nor calendar adjusted data),Total,Percentage of population in the labour force,Total,Belgium,1998-08,9.8,,
ESTAT:UNE_RT_M(1.0),06/06/25 23:00:00,Monthly,Unadjusted data (i.e. neither seasonally adjusted nor calendar adjusted data),Total,Percentage of population in the labour force,Total,Belgium,1998-09,9.9,,
ESTAT:UNE_RT_M(1.0),06/06/25 23:00:00,Monthly,Unadjusted data (i.e. neither seasonally adjusted nor calendar adjusted data),Total,Percentage of population in the labour force,Total,Belgium,1998-10,9.6,,
ESTAT:UNE_RT_M(1.0),06/06/25 23:00:00,Monthly,Unadjusted data (i.e. neither seasonally adjusted nor calendar adjusted data),Total,Percentage of population in the labour force,Total,Belgium,1998-11,9.2,,
ESTAT:UNE_RT_M(1.0),06/06/25 23:00:00,Monthly,Unadjusted data (i.e. neither seasonally adjusted nor calendar adjusted data),Total,Percentage of population in the labour force,Total,Belgium,1998-12,9.1,,
ESTAT:UNE_RT_M(1.0),06/06/25 23:00:00,Monthly,Unadjusted data (i.e. neither seasonally adjusted nor calendar adjusted data),Total,Percentage of population in the labour force,Total,Belgium,1999-01,9.0,,
ESTAT:UNE_RT_M(1.0),06/06/25 23:00:00,Monthly,Unadjusted data (i.e. neither seasonally adjusted nor calendar adjusted data),Total,Percentage of population in the labour force,Total,Belgium,1999-02,9.0,,
ESTAT:UNE_RT_M(1.0),06/06/25 23:00:00,Monthly,Unadjusted data (i.e. neither seasonally adjusted nor calendar adjusted data),Total,Percentage of population in the labour force,Total,Belgium,1999-03,8.9,,
ESTAT:UNE_RT_M(1.0),06/06/25 23:00:00,Monthly,Unadjusted data (i.e. neither seasonally adjusted nor calendar adjusted data),Total,Percentage of population in the labour force,Total,Belgium,1999-04,8.8,,
ESTAT:UNE_RT_M(1.0),06/06/25 23:00:00,Monthly,Unadjusted data (i.e. neither seasonally adjusted nor calendar adjusted data),Total,Percentage of population in the labour force,Total,Belgium,1999-05,8.5,,
ESTAT:UNE_RT_M(1.0),06/06/25 23:00:00,Monthly,Unadjusted data (i.e. neither seasonally adjusted nor calendar adjusted data),Total,Percentage of population in the labour force,Total,Belgium,1999-06,8.1,,
ESTAT:UNE_RT_M(1.0),06/06/25 23:00:00,Monthly,Unadjusted data (i.e. neither seasonally adjusted nor calendar adjusted data),Total,Percentage of population in the labour force,Total,Belgium,1999-07,8.4,,
ESTAT:UNE_RT_M(1.0),06/06/25 23:00:00,Monthly,Unadjusted data (i.e. neither seasonally adjusted nor calendar adjusted data),Total,Percentage of population in the labour force,Total,Belgium,1999-08,8.5,,
ESTAT:UNE_RT_M(1.0),06/06/25 23:00:00,Monthly,Unadjusted data (i.e. neither seasonally adjusted nor calendar adjusted data),Total,Percentage of population in the labour force,Total,Belgium,1999-09,8.1,,
ESTAT:UNE_RT_M(1.0),06/06/25 23:00:00,Monthly,Unadjusted data (i.e. neither seasonally adjusted nor calendar adjusted data),Total,Percentage of population in the labour force,Total,Belgium,1999-10,8.0,,
ESTAT:UNE_RT_M(1.0),06/06/25 23:00:00,Monthly,Unadjusted data (i.e. neither seasonally adjusted nor calendar adjusted data),Total,Percentage of population in the labour force,Total,Belgium,1999-11,7.8,,
ESTAT:UNE_RT_M(1.0),06/06/25 23:00:00,Monthly,Unadjusted data (i.e. neither seasonally adjusted nor calendar adjusted data),Total,Percentage of population in the labour force,Total,Belgium,1999-12,7.7,,
ESTAT:UNE_RT_M(1.0),06/06/25 23:00:00,Monthly,Unadjusted data (i.e. neither seasonally adjusted nor calendar adjusted data),Total,Percentage of population in the labour force,Total,Belgium,2000-01,7.5,,
ESTAT:UNE_RT_M(1.0),06/06/25 23:00:00,Monthly,Unadjusted data (i.e. neither seasonally adjusted nor calendar adjusted data),Total,Percentage of population in the labour force,Total,Belgium,2000-02,7.2,,
ESTAT:UNE_RT_M(1.0),06/06/25 23:00:00,Monthly,Unadjusted data (i.e. neither seasonally adjusted nor calendar adjusted data),Total,Percentage of population in the labour force,Total,Belgium,2000-03,6.8,,
ESTAT:UNE_RT_M(1.0),06/06/25 23:00:00,Monthly,Unadjusted data (i.e. neither seasonally adjusted nor calendar adjusted data),Total,Percentage of population in the labour force,Total,Belgium,2000-04,6.7,,
ESTAT:UNE_RT_M(1.0),06/06/25 23:00:00,Monthly,Unadjusted data (i.e. neither seasonally adjusted nor calendar adjusted data),Total,Percentage of population in the labour force,Total,Belgium,2000-05,6.4,,
ESTAT:UNE_RT_M(1.0),06/06/25 23:00:00,Monthly,Unadjusted data (i.e. neither seasonally adjusted nor calendar adjusted data),Total,Percentage of population in the labour force,Total,Belgium,2000-06,6.3,,
ESTAT:UNE_RT_M(1.0),06/06/25 23:00:00,Monthly,Unadjusted data (i.e. neither seasonally adjusted nor calendar adjusted data),Total,Percentage of population in the labour force,Total,Belgium,2000-07,6.8,,
ESTAT:UNE_RT_M(1.0),06/06/25 23:00:00,Monthly,Unadjusted data (i.e. neither seasonally adjusted nor calendar adjusted data),Total,Percentage of population in the labour force,Total,Belgium,2000-08,7.3,,
ESTAT:UNE_RT_M(1.0),06/06/25 23:00:00,Monthly,Unadjusted data (i.e. neither seasonally adjusted nor calendar adjusted data),Total,Percentage of population in the labour force,Total,Belgium,2000-09,7.1,,
ESTAT:UNE_RT_M(1.0),06/06/25 23:00:00,Monthly,Unadjusted data (i.e. neither seasonally adjusted nor calendar adjusted data),Total,Percentage of population in the labour force,Total,Belgium,2000-10,7.0,,
ESTAT:UNE_RT_M(1.0),06/06/25 23:00:00,Monthly,Unadjusted data (i.e. neither seasonally adjusted nor calendar adjusted data),Total,Percentage of population in the labour force,Total,Belgium,2000-11,6.8,,
ESTAT:UNE_RT_M(1.0),06/06/25 23:00:00,Monthly,Unadjusted data (i.e. neither seasonally adjusted nor calendar adjusted data),Total,Percentage of population in the labour force,Total,Belgium,2000-12,6.6,,
ESTAT:UNE_RT_M(1.0),06/06/25 23:00:00,Monthly,Unadjusted data (i.e. neither seasonally adjusted nor calendar adjusted data),Total,Percentage of population in the labour force,Total,Belgium,2001-01,6.3,,
ESTAT:UNE_RT_M(1.0),06/06/25 23:00:00,Monthly,Unadjusted data (i.e. neither seasonally adjusted nor calendar adjusted data),Total,Percentage of population in the labour force,Total,Belgium,2001-02,6.1,,
ESTAT:UNE_RT_M(1.0),06/06/25 23:00:00,Monthly,Unadjusted data (i.e. neither seasonally adjusted nor calendar adjusted data),Total,Percentage of population in the labour force,Total,Belgium,2001-03,6.1,,
ESTAT:UNE_RT_M(1.0),06/06/25 23:00:00,Monthly,Unadjusted data (i.e. neither seasonally adjusted nor calendar adjusted data),Total,Percentage of population in the labour force,Total,Belgium,2001-04,6.3,,
ESTAT:UNE_RT_M(1.0),06/06/25 23:00:00,Monthly,Unadjusted data (i.e. neither seasonally adjusted nor calendar adjusted data),Total,Percentage of population in the labour force,Total,Belgium,2001-05,6.3,,
ESTAT:UNE_RT_M(1.0),06/06/25 23:00:00,Monthly,Unadjusted data (i.e. neither seasonally adjusted nor calendar adjusted data),Total,Percentage of population in the labour force,Total,Belgium,2001-06,6.0,,
ESTAT:UNE_RT_M(1.0),06/06/25 23:00:00,Monthly,Unadjusted data (i.e. neither seasonally adjusted nor calendar adjusted data),Total,Percentage of population in the labour force,Total,Belgium,2001-07,6.2,,
ESTAT:UNE_RT_M(1.0),06/06/25 23:00:00,Monthly,Unadjusted data (i.e. neither seasonally adjusted nor calendar adjusted data),Total,Percentage of population in the labour force,Total,Belgium,2001-08,6.4,,
ESTAT:UNE_RT_M(1.0),06/06/25 23:00:00,Monthly,Unadjusted data (i.e. neither seasonally adjusted nor calendar adjusted data),Total,Percentage of population in the labour force,Total,Belgium,2001-09,6.8,,
ESTAT:UNE_RT_M(1.0),06/06/25 23:00:00,Monthly,Unadjusted data (i.e. neither seasonally adjusted nor calendar adjusted data),Total,Percentage of population in the labour force,Total,Belgium,2001-10,7.5,,
ESTAT:UNE_RT_M(1.0),06/06/25 23:00:00,Monthly,Unadjusted data (i.e. neither seasonally adjusted nor calendar adjusted data),Total,Percentage of population in the labour force,Total,Belgium,2001-11,7.5,,
ESTAT:UNE_RT_M(1.0),06/06/25 23:00:00,Monthly,Unadjusted data (i.e. neither seasonally adjusted nor calendar adjusted data),Total,Percentage of population in the labour force,Total,Belgium,2001-12,7.6,,
ESTAT:UNE_RT_M(1.0),06/06/25 23:00:00,Monthly,Unadjusted data (i.e. neither seasonally adjusted nor calendar adjusted data),Total,Percentage of population in the labour force,Total,Belgium,2002-01,7.6,,
ESTAT:UNE_RT_M(1.0),06/06/25 23:00:00,Monthly,Unadjusted data (i.e. neither seasonally adjusted nor calendar adjusted data),Total,Percentage of population in the labour force,Total,Belgium,2002-02,7.4,,
ESTAT:UNE_RT_M(1.0),06/06/25 23:00:00,Monthly,Unadjusted data (i.e. neither seasonally adjusted nor calendar adjusted data),Total,Percentage of population in the labour force,Total,Belgium,2002-03,7.3,,
ESTAT:UNE_RT_M(1.0),06/06/25 23:00:00,Monthly,Unadjusted data (i.e. neither seasonally adjusted nor calendar adjusted data),Total,Percentage of population in the labour force,Total,Belgium,2002-04,7.1,,
ESTAT:UNE_RT_M(1.0),06/06/25 23:00:00,Monthly,Unadjusted data (i.e. neither seasonally adjusted nor calendar adjusted data),Total,Percentage of population in the labour force,Total,Belgium,2002-05,6.9,,
ESTAT:UNE_RT_M(1.0),06/06/25 23:00:00,Monthly,Unadjusted data (i.e. neither seasonally adjusted nor calendar adjusted data),Total,Percentage of population in the labour force,Total,Belgium,2002-06,6.8,,
ESTAT:UNE_RT_M(1.0),06/06/25 23:00:00,Monthly,Unadjusted data (i.e. neither seasonally adjusted nor calendar adjusted data),Total,Percentage of population in the labour force,Total,Belgium,2002-07,7.5,,
ESTAT:UNE_RT_M(1.0),06/06/25 23:00:00,Monthly,Unadjusted data (i.e. neither seasonally adjusted nor calendar adjusted data),Total,Percentage of population in the labour force,Total,Belgium,2002-08,7.6,,
ESTAT:UNE_RT_M(1.0),06/06/25 23:00:00,Monthly,Unadjusted data (i.e. neither seasonally adjusted nor calendar adjusted data),Total,Percentage of population in the labour force,Total,Belgium,2002-09,7.8,,
ESTAT:UNE_RT_M(1.0),06/06/25 23:00:00,Monthly,Unadjusted data (i.e. neither seasonally adjusted nor calendar adjusted data),Total,Percentage of population in the labour force,Total,Belgium,2002-10,8.0,,
ESTAT:UNE_RT_M(1.0),06/06/25 23:00:00,Monthly,Unadjusted data (i.e. neither seasonally adjusted nor calendar adjusted data),Total,Percentage of population in the labour force,Total,Belgium,2002-11,8.1,,
ESTAT:UNE_RT_M(1.0),06/06/25 23:00:00,Monthly,Unadjusted data (i.e. neither seasonally adjusted nor calendar adjusted data),Total,Percentage of population in the labour force,Total,Belgium,2002-12,8.2,,
ESTAT:UNE_RT_M(1.0),06/06/25 23:00:00,Monthly,Unadjusted data (i.e. neither seasonally adjusted nor calendar adjusted data),Total,Percentage of population in the labour force,Total,Belgium,2003-01,8.3,,
ESTAT:UNE_RT_M(1.0),06/06/25 23:00:00,Monthly,Unadjusted data (i.e. neither seasonally adjusted nor calendar adjusted data),Total,Percentage of population in the labour force,Total,Belgium,2003-02,8.2,,
ESTAT:UNE_RT_M(1.0),06/06/25 23:00:00,Monthly,Unadjusted data (i.e. neither seasonally adjusted nor calendar adjusted data),Total,Percentage of population in the labour force,Total,Belgium,2003-03,8.0,,
ESTAT:UNE_RT_M(1.0),06/06/25 23:00:00,Monthly,Unadjusted data (i.e. neither seasonally adjusted nor calendar adjusted data),Total,Percentage of population in the labour force,Total,Belgium,2003-04,7.9,,
ESTAT:UNE_RT_M(1.0),06/06/25 23:00:00,Monthly,Unadjusted data (i.e. neither seasonally adjusted nor calendar adjusted data),Total,Percentage of population in the labour force,Total,Belgium,2003-05,7.6,,
ESTAT:UNE_RT_M(1.0),06/06/25 23:00:00,Monthly,Unadjusted data (i.e. neither seasonally adjusted nor calendar adjusted data),Total,Percentage of population in the labour force,Total,Belgium,2003-06,7.6,,
ESTAT:UNE_RT_M(1.0),06/06/25 23:00:00,Monthly,Unadjusted data (i.e. neither seasonally adjusted nor calendar adjusted data),Total,Percentage of population in the labour force,Total,Belgium,2003-07,8.3,,
ESTAT:UNE_RT_M(1.0),06/06/25 23:00:00,Monthly,Unadjusted data (i.e. neither seasonally adjusted nor calendar adjusted data),Total,Percentage of population in the labour force,Total,Belgium,2003-08,8.4,,
ESTAT:UNE_RT_M(1.0),06/06/25 23:00:00,Monthly,Unadjusted data (i.e. neither seasonally adjusted nor calendar adjusted data),Total,Percentage of population in the labour force,Total,Belgium,2003-09,8.4,,
ESTAT:UNE_RT_M(1.0),06/06/25 23:00:00,Monthly,Unadjusted data (i.e. neither seasonally adjusted nor calendar adjusted data),Total,Percentage of population in the labour force,Total,Belgium,2003-10,8.4,,
ESTAT:UNE_RT_M(1.0),06/06/25 23:00:00,Monthly,Unadjusted data (i.e. neither seasonally adjusted nor calendar adjusted data),Total,Percentage of population in the labour force,Total,Belgium,2003-11,8.4,,
ESTAT:UNE_RT_M(1.0),06/06/25 23:00:00,Monthly,Unadjusted data (i.e. neither seasonally adjusted nor calendar adjusted data),Total,Percentage of population in the labour force,Total,Belgium,2003-12,8.6,,
ESTAT:UNE_RT_M(1.0),06/06/25 23:00:00,Monthly,Unadjusted data (i.e. neither seasonally adjusted nor calendar adjusted data),Total,Percentage of population in the labour force,Total,Belgium,2004-01,8.9,,
ESTAT:UNE_RT_M(1.0),06/06/25 23:00:00,Monthly,Unadjusted data (i.e. neither seasonally adjusted nor calendar adjusted data),Total,Percentage of population in the labour force,Total,Belgium,2004-02,8.8,,
ESTAT:UNE_RT_M(1.0),06/06/25 23:00:00,Monthly,Unadjusted data (i.e. neither seasonally adjusted nor calendar adjusted data),Total,Percentage of population in the labour force,Total,Belgium,2004-03,8.3,,
ESTAT:UNE_RT_M(1.0),06/06/25 23:00:00,Monthly,Unadjusted data (i.e. neither seasonally adjusted nor calendar adjusted data),Total,Percentage of population in the labour force,Total,Belgium,2004-04,7.5,,
ESTAT:UNE_RT_M(1.0),06/06/25 23:00:00,Monthly,Unadjusted data (i.e. neither seasonally adjusted nor calendar adjusted data),Total,Percentage of population in the labour force,Total,Belgium,2004-05,7.2,,
ESTAT:UNE_RT_M(1.0),06/06/25 23:00:00,Monthly,Unadjusted data (i.e. neither seasonally adjusted nor calendar adjusted data),Total,Percentage of population in the labour force,Total,Belgium,2004-06,7.4,,
ESTAT:UNE_RT_M(1.0),06/06/25 23:00:00,Monthly,Unadjusted data (i.e. neither seasonally adjusted nor calendar adjusted data),Total,Percentage of population in the labour force,Total,Belgium,2004-07,8.8,,
ESTAT:UNE_RT_M(1.0),06/06/25 23:00:00,Monthly,Unadjusted data (i.e. neither seasonally adjusted nor calendar adjusted data),Total,Percentage of population in the labour force,Total,Belgium,2004-08,9.3,,
ESTAT:UNE_RT_M(1.0),06/06/25 23:00:00,Monthly,Unadjusted data (i.e. neither seasonally adjusted nor calendar adjusted data),Total,Percentage of population in the labour force,Total,Belgium,2004-09,9.3,,
ESTAT:UNE_RT_M(1.0),06/06/25 23:00:00,Monthly,Unadjusted data (i.e. neither seasonally adjusted nor calendar adjusted data),Total,Percentage of population in the labour force,Total,Belgium,2004-10,8.7,,
ESTAT:UNE_RT_M(1.0),06/06/25 23:00:00,Monthly,Unadjusted data (i.e. neither seasonally adjusted nor calendar adjusted data),Total,Percentage of population in the labour force,Total,Belgium,2004-11,8.2,,
ESTAT:UNE_RT_M(1.0),06/06/25 23:00:00,Monthly,Unadjusted data (i.e. neither seasonally adjusted nor calendar adjusted data),Total,Percentage of population in the labour force,Total,Belgium,2004-12,8.3,,
ESTAT:UNE_RT_M(1.0),06/06/25 23:00:00,Monthly,Unadjusted data (i.e. neither seasonally adjusted nor calendar adjusted data),Total,Percentage of population in the labour force,Total,Belgium,2005-01,8.5,,
ESTAT:UNE_RT_M(1.0),06/06/25 23:00:00,Monthly,Unadjusted data (i.e. neither seasonally adjusted nor calendar adjusted data),Total,Percentage of population in the labour force,Total,Belgium,2005-02,8.6,,
ESTAT:UNE_RT_M(1.0),06/06/25 23:00:00,Monthly,Unadjusted data (i.e. neither seasonally adjusted nor calendar adjusted data),Total,Percentage of population in the labour force,Total,Belgium,2005-03,8.5,,
ESTAT:UNE_RT_M(1.0),06/06/25 23:00:00,Monthly,Unadjusted data (i.e. neither seasonally adjusted nor calendar adjusted data),Total,Percentage of population in the labour force,Total,Belgium,2005-04,8.2,,
ESTAT:UNE_RT_M(1.0),06/06/25 23:00:00,Monthly,Unadjusted data (i.e. neither seasonally adjusted nor calendar adjusted data),Total,Percentage of population in the labour force,Total,Belgium,2005-05,8.1,,
ESTAT:UNE_RT_M(1.0),06/06/25 23:00:00,Monthly,Unadjusted data (i.e. neither seasonally adjusted nor calendar adjusted data),Total,Percentage of population in the labour force,Total,Belgium,2005-06,7.9,,
ESTAT:UNE_RT_M(1.0),06/06/25 23:00:00,Monthly,Unadjusted data (i.e. neither seasonally adjusted nor calendar adjusted data),Total,Percentage of population in the labour force,Total,Belgium,2005-07,8.6,,
ESTAT:UNE_RT_M(1.0),06/06/25 23:00:00,Monthly,Unadjusted data (i.e. neither seasonally adjusted nor calendar adjusted data),Total,Percentage of population in the labour force,Total,Belgium,2005-08,8.7,,
ESTAT:UNE_RT_M(1.0),06/06/25 23:00:00,Monthly,Unadjusted data (i.e. neither seasonally adjusted nor calendar adjusted data),Total,Percentage of population in the labour force,Total,Belgium,2005-09,8.7,,
ESTAT:UNE_RT_M(1.0),06/06/25 23:00:00,Monthly,Unadjusted data (i.e. neither seasonally adjusted nor calendar adjusted data),Total,Percentage of population in the labour force,Total,Belgium,2005-10,8.5,,
ESTAT:UNE_RT_M(1.0),06/06/25 23:00:00,Monthly,Unadjusted data (i.e. neither seasonally adjusted nor calendar adjusted data),Total,Percentage of population in the labour force,Total,Belgium,2005-11,8.4,,
ESTAT:UNE_RT_M(1.0),06/06/25 23:00:00,Monthly,Unadjusted data (i.e. neither seasonally adjusted nor calendar adjusted data),Total,Percentage of population in the labour force,Total,Belgium,2005-12,8.5,,
ESTAT:UNE_RT_M(1.0),06/06/25 23:00:00,Monthly,Unadjusted data (i.e. neither seasonally adjusted nor calendar adjusted data),Total,Percentage of population in the labour force,Total,Belgium,2006-01,8.7,,
ESTAT:UNE_RT_M(1.0),06/06/25 23:00:00,Monthly,Unadjusted data (i.e. neither seasonally adjusted nor calendar adjusted data),Total,Percentage of population in the labour force,Total,Belgium,2006-02,8.7,,
ESTAT:UNE_RT_M(1.0),06/06/25 23:00:00,Monthly,Unadjusted data (i.e. neither seasonally adjusted nor calendar adjusted data),Total,Percentage of population in the labour force,Total,Belgium,2006-03,8.6,,
ESTAT:UNE_RT_M(1.0),06/06/25 23:00:00,Monthly,Unadjusted data (i.e. neither seasonally adjusted nor calendar adjusted data),Total,Percentage of population in the labour force,Total,Belgium,2006-04,8.5,,
ESTAT:UNE_RT_M(1.0),06/06/25 23:00:00,Monthly,Unadjusted data (i.e. neither seasonally adjusted nor calendar adjusted data),Total,Percentage of population in the labour force,Total,Belgium,2006-05,8.3,,
ESTAT:UNE_RT_M(1.0),06/06/25 23:00:00,Monthly,Unadjusted data (i.e. neither seasonally adjusted nor calendar adjusted data),Total,Percentage of population in the labour force,Total,Belgium,2006-06,8.0,,
ESTAT:UNE_RT_M(1.0),06/06/25 23:00:00,Monthly,Unadjusted data (i.e. neither seasonally adjusted nor calendar adjusted data),Total,Percentage of population in the labour force,Total,Belgium,2006-07,8.2,,
ESTAT:UNE_RT_M(1.0),06/06/25 23:00:00,Monthly,Unadjusted data (i.e. neither seasonally adjusted nor calendar adjusted data),Total,Percentage of population in the labour force,Total,Belgium,2006-08,8.1,,
ESTAT:UNE_RT_M(1.0),06/06/25 23:00:00,Monthly,Unadjusted data (i.e. neither seasonally adjusted nor calendar adjusted data),Total,Percentage of population in the labour force,Total,Belgium,2006-09,8.1,,
ESTAT:UNE_RT_M(1.0),06/06/25 23:00:00,Monthly,Unadjusted data (i.e. neither seasonally adjusted nor calendar adjusted data),Total,Percentage of population in the labour force,Total,Belgium,2006-10,8.0,,
ESTAT:UNE_RT_M(1.0),06/06/25 23:00:00,Monthly,Unadjusted data (i.e. neither seasonally adjusted nor calendar adjusted data),Total,Percentage of population in the labour force,Total,Belgium,2006-11,7.9,,
ESTAT:UNE_RT_M(1.0),06/06/25 23:00:00,Monthly,Unadjusted data (i.e. neither seasonally adjusted nor calendar adjusted data),Total,Percentage of population in the labour force,Total,Belgium,2006-12,7.9,,
ESTAT:UNE_RT_M(1.0),06/06/25 23:00:00,Monthly,Unadjusted data (i.e. neither seasonally adjusted nor calendar adjusted data),Total,Percentage of population in the labour force,Total,Belgium,2007-01,8.0,,
ESTAT:UNE_RT_M(1.0),06/06/25 23:00:00,Monthly,Unadjusted data (i.e. neither seasonally adjusted nor calendar adjusted data),Total,Percentage of population in the labour force,Total,Belgium,2007-02,8.0,,
ESTAT:UNE_RT_M(1.0),06/06/25 23:00:00,Monthly,Unadjusted data (i.e. neither seasonally adjusted nor calendar adjusted data),Total,Percentage of population in the labour force,Total,Belgium,2007-03,7.9,,
ESTAT:UNE_RT_M(1.0),06/06/25 23:00:00,Monthly,Unadjusted data (i.e. neither seasonally adjusted nor calendar adjusted data),Total,Percentage of population in the labour force,Total,Belgium,2007-04,8.0,,
ESTAT:UNE_RT_M(1.0),06/06/25 23:00:00,Monthly,Unadjusted data (i.e. neither seasonally adjusted nor calendar adjusted data),Total,Percentage of population in the labour force,Total,Belgium,2007-05,7.7,,
ESTAT:UNE_RT_M(1.0),06/06/25 23:00:00,Monthly,Unadjusted data (i.e. neither seasonally adjusted nor calendar adjusted data),Total,Percentage of population in the labour force,Total,Belgium,2007-06,7.2,,
ESTAT:UNE_RT_M(1.0),06/06/25 23:00:00,Monthly,Unadjusted data (i.e. neither seasonally adjusted nor calendar adjusted data),Total,Percentage of population in the labour force,Total,Belgium,2007-07,7.5,,
ESTAT:UNE_RT_M(1.0),06/06/25 23:00:00,Monthly,Unadjusted data (i.e. neither seasonally adjusted nor calendar adjusted data),Total,Percentage of population in the labour force,Total,Belgium,2007-08,7.3,,
ESTAT:UNE_RT_M(1.0),06/06/25 23:00:00,Monthly,Unadjusted data (i.e. neither seasonally adjusted nor calendar adjusted data),Total,Percentage of population in the labour force,Total,Belgium,2007-09,7.0,,
ESTAT:UNE_RT_M(1.0),06/06/25 23:00:00,Monthly,Unadjusted data (i.e. neither seasonally adjusted nor calendar adjusted data),Total,Percentage of population in the labour force,Total,Belgium,2007-10,7.0,,
ESTAT:UNE_RT_M(1.0),06/06/25 23:00:00,Monthly,Unadjusted data (i.e. neither seasonally adjusted nor calendar adjusted data),Total,Percentage of population in the labour force,Total,Belgium,2007-11,7.0,,
ESTAT:UNE_RT_M(1.0),06/06/25 23:00:00,Monthly,Unadjusted data (i.e. neither seasonally adjusted nor calendar adjusted data),Total,Percentage of population in the labour force,Total,Belgium,2007-12,7.2,,
ESTAT:UNE_RT_M(1.0),06/06/25 23:00:00,Monthly,Unadjusted data (i.e. neither seasonally adjusted nor calendar adjusted data),Total,Percentage of population in the labour force,Total,Belgium,2008-01,7.3,,
ESTAT:UNE_RT_M(1.0),06/06/25 23:00:00,Monthly,Unadjusted data (i.e. neither seasonally adjusted nor calendar adjusted data),Total,Percentage of population in the labour force,Total,Belgium,2008-02,7.1,,
ESTAT:UNE_RT_M(1.0),06/06/25 23:00:00,Monthly,Unadjusted data (i.e. neither seasonally adjusted nor calendar adjusted data),Total,Percentage of population in the labour force,Total,Belgium,2008-03,6.8,,
ESTAT:UNE_RT_M(1.0),06/06/25 23:00:00,Monthly,Unadjusted data (i.e. neither seasonally adjusted nor calendar adjusted data),Total,Percentage of population in the labour force,Total,Belgium,2008-04,6.4,,
ESTAT:UNE_RT_M(1.0),06/06/25 23:00:00,Monthly,Unadjusted data (i.e. neither seasonally adjusted nor calendar adjusted data),Total,Percentage of population in the labour force,Total,Belgium,2008-05,6.1,,
ESTAT:UNE_RT_M(1.0),06/06/25 23:00:00,Monthly,Unadjusted data (i.e. neither seasonally adjusted nor calendar adjusted data),Total,Percentage of population in the labour force,Total,Belgium,2008-06,6.5,,
ESTAT:UNE_RT_M(1.0),06/06/25 23:00:00,Monthly,Unadjusted data (i.e. neither seasonally adjusted nor calendar adjusted data),Total,Percentage of population in the labour force,Total,Belgium,2008-07,7.7,,
ESTAT:UNE_RT_M(1.0),06/06/25 23:00:00,Monthly,Unadjusted data (i.e. neither seasonally adjusted nor calendar adjusted data),Total,Percentage of population in the labour force,Total,Belgium,2008-08,7.9,,
ESTAT:UNE_RT_M(1.0),06/06/25 23:00:00,Monthly,Unadjusted data (i.e. neither seasonally adjusted nor calendar adjusted data),Total,Percentage of population in the labour force,Total,Belgium,2008-09,7.5,,
ESTAT:UNE_RT_M(1.0),06/06/25 23:00:00,Monthly,Unadjusted data (i.e. neither seasonally adjusted nor calendar adjusted data),Total,Percentage of population in the labour force,Total,Belgium,2008-10,6.9,,
ESTAT:UNE_RT_M(1.0),06/06/25 23:00:00,Monthly,Unadjusted data (i.e. neither seasonally adjusted nor calendar adjusted data),Total,Percentage of population in the labour force,Total,Belgium,2008-11,6.6,,
ESTAT:UNE_RT_M(1.0),06/06/25 23:00:00,Monthly,Unadjusted data (i.e. neither seasonally adjusted nor calendar adjusted data),Total,Percentage of population in the labour force,Total,Belgium,2008-12,6.9,,
ESTAT:UNE_RT_M(1.0),06/06/25 23:00:00,Monthly,Unadjusted data (i.e. neither seasonally adjusted nor calendar adjusted data),Total,Percentage of population in the labour force,Total,Belgium,2009-01,8.0,b,
ESTAT:UNE_RT_M(1.0),06/06/25 23:00:00,Monthly,Unadjusted data (i.e. neither seasonally adjusted nor calendar adjusted data),Total,Percentage of population in the labour force,Total,Belgium,2009-02,8.0,,
ESTAT:UNE_RT_M(1.0),06/06/25 23:00:00,Monthly,Unadjusted data (i.e. neither seasonally adjusted nor calendar adjusted data),Total,Percentage of population in the labour force,Total,Belgium,2009-03,7.9,,
ESTAT:UNE_RT_M(1.0),06/06/25 23:00:00,Monthly,Unadjusted data (i.e. neither seasonally adjusted nor calendar adjusted data),Total,Percentage of population in the labour force,Total,Belgium,2009-04,7.7,,
ESTAT:UNE_RT_M(1.0),06/06/25 23:00:00,Monthly,Unadjusted data (i.e. neither seasonally adjusted nor calendar adjusted data),Total,Percentage of population in the labour force,Total,Belgium,2009-05,7.4,,
ESTAT:UNE_RT_M(1.0),06/06/25 23:00:00,Monthly,Unadjusted data (i.e. neither seasonally adjusted nor calendar adjusted data),Total,Percentage of population in the labour force,Total,Belgium,2009-06,7.6,,
ESTAT:UNE_RT_M(1.0),06/06/25 23:00:00,Monthly,Unadjusted data (i.e. neither seasonally adjusted nor calendar adjusted data),Total,Percentage of population in the labour force,Total,Belgium,2009-07,8.3,,
ESTAT:UNE_RT_M(1.0),06/06/25 23:00:00,Monthly,Unadjusted data (i.e. neither seasonally adjusted nor calendar adjusted data),Total,Percentage of population in the labour force,Total,Belgium,2009-08,8.4,,
ESTAT:UNE_RT_M(1.0),06/06/25 23:00:00,Monthly,Unadjusted data (i.e. neither seasonally adjusted nor calendar adjusted data),Total,Percentage of population in the labour force,Total,Belgium,2009-09,8.2,,
ESTAT:UNE_RT_M(1.0),06/06/25 23:00:00,Monthly,Unadjusted data (i.e. neither seasonally adjusted nor calendar adjusted data),Total,Percentage of population in the labour force,Total,Belgium,2009-10,8.0,,
ESTAT:UNE_RT_M(1.0),06/06/25 23:00:00,Monthly,Unadjusted data (i.e. neither seasonally adjusted nor calendar adjusted data),Total,Percentage of population in the labour force,Total,Belgium,2009-11,8.0,,
ESTAT:UNE_RT_M(1.0),06/06/25 23:00:00,Monthly,Unadjusted data (i.e. neither seasonally adjusted nor calendar adjusted data),Total,Percentage of population in the labour force,Total,Belgium,2009-12,8.4,,
ESTAT:UNE_RT_M(1.0),06/06/25 23:00:00,Monthly,Unadjusted data (i.e. neither seasonally adjusted nor calendar adjusted data),Total,Percentage of population in the labour force,Total,Belgium,2010-01,8.8,,
ESTAT:UNE_RT_M(1.0),06/06/25 23:00:00,Monthly,Unadjusted data (i.e. neither seasonally adjusted nor calendar adjusted data),Total,Percentage of population in the labour force,Total,Belgium,2010-02,8.7,,
ESTAT:UNE_RT_M(1.0),06/06/25 23:00:00,Monthly,Unadjusted data (i.e. neither seasonally adjusted nor calendar adjusted data),Total,Percentage of population in the labour force,Total,Belgium,2010-03,8.5,,
ESTAT:UNE_RT_M(1.0),06/06/25 23:00:00,Monthly,Unadjusted data (i.e. neither seasonally adjusted nor calendar adjusted data),Total,Percentage of population in the labour force,Total,Belgium,2010-04,8.3,,
ESTAT:UNE_RT_M(1.0),06/06/25 23:00:00,Monthly,Unadjusted data (i.e. neither seasonally adjusted nor calendar adjusted data),Total,Percentage of population in the labour force,Total,Belgium,2010-05,8.1,,
ESTAT:UNE_RT_M(1.0),06/06/25 23:00:00,Monthly,Unadjusted data (i.e. neither seasonally adjusted nor calendar adjusted data),Total,Percentage of population in the labour force,Total,Belgium,2010-06,8.1,,
ESTAT:UNE_RT_M(1.0),06/06/25 23:00:00,Monthly,Unadjusted data (i.e. neither seasonally adjusted nor calendar adjusted data),Total,Percentage of population in the labour force,Total,Belgium,2010-07,8.9,,
ESTAT:UNE_RT_M(1.0),06/06/25 23:00:00,Monthly,Unadjusted data (i.e. neither seasonally adjusted nor calendar adjusted data),Total,Percentage of population in the labour force,Total,Belgium,2010-08,8.8,,
ESTAT:UNE_RT_M(1.0),06/06/25 23:00:00,Monthly,Unadjusted data (i.e. neither seasonally adjusted nor calendar adjusted data),Total,Percentage of population in the labour force,Total,Belgium,2010-09,8.5,,
ESTAT:UNE_RT_M(1.0),06/06/25 23:00:00,Monthly,Unadjusted data (i.e. neither seasonally adjusted nor calendar adjusted data),Total,Percentage of population in the labour force,Total,Belgium,2010-10,8.2,,
ESTAT:UNE_RT_M(1.0),06/06/25 23:00:00,Monthly,Unadjusted data (i.e. neither seasonally adjusted nor calendar adjusted data),Total,Percentage of population in the labour force,Total,Belgium,2010-11,7.9,,
ESTAT:UNE_RT_M(1.0),06/06/25 23:00:00,Monthly,Unadjusted data (i.e. neither seasonally adjusted nor calendar adjusted data),Total,Percentage of population in the labour force,Total,Belgium,2010-12,7.7,,
ESTAT:UNE_RT_M(1.0),06/06/25 23:00:00,Monthly,Unadjusted data (i.e. neither seasonally adjusted nor calendar adjusted data),Total,Percentage of population in the labour force,Total,Belgium,2011-01,7.5,,
ESTAT:UNE_RT_M(1.0),06/06/25 23:00:00,Monthly,Unadjusted data (i.e. neither seasonally adjusted nor calendar adjusted data),Total,Percentage of population in the labour force,Total,Belgium,2011-02,7.2,,
ESTAT:UNE_RT_M(1.0),06/06/25 23:00:00,Monthly,Unadjusted data (i.e. neither seasonally adjusted nor calendar adjusted data),Total,Percentage of population in the labour force,Total,Belgium,2011-03,6.9,,
ESTAT:UNE_RT_M(1.0),06/06/25 23:00:00,Monthly,Unadjusted data (i.e. neither seasonally adjusted nor calendar adjusted data),Total,Percentage of population in the labour force,Total,Belgium,2011-04,6.7,,
ESTAT:UNE_RT_M(1.0),06/06/25 23:00:00,Monthly,Unadjusted data (i.e. neither seasonally adjusted nor calendar adjusted data),Total,Percentage of population in the labour force,Total,Belgium,2011-05,6.6,,
ESTAT:UNE_RT_M(1.0),06/06/25 23:00:00,Monthly,Unadjusted data (i.e. neither seasonally adjusted nor calendar adjusted data),Total,Percentage of population in the labour force,Total,Belgium,2011-06,6.7,,
ESTAT:UNE_RT_M(1.0),06/06/25 23:00:00,Monthly,Unadjusted data (i.e. neither seasonally adjusted nor calendar adjusted data),Total,Percentage of population in the labour force,Total,Belgium,2011-07,7.7,,
ESTAT:UNE_RT_M(1.0),06/06/25 23:00:00,Monthly,Unadjusted data (i.e. neither seasonally adjusted nor calendar adjusted data),Total,Percentage of population in the labour force,Total,Belgium,2011-08,8.0,,
ESTAT:UNE_RT_M(1.0),06/06/25 23:00:00,Monthly,Unadjusted data (i.e. neither seasonally adjusted nor calendar adjusted data),Total,Percentage of population in the labour force,Total,Belgium,2011-09,7.8,,
ESTAT:UNE_RT_M(1.0),06/06/25 23:00:00,Monthly,Unadjusted data (i.e. neither seasonally adjusted nor calendar adjusted data),Total,Percentage of population in the labour force,Total,Belgium,2011-10,7.3,,
ESTAT:UNE_RT_M(1.0),06/06/25 23:00:00,Monthly,Unadjusted data (i.e. neither seasonally adjusted nor calendar adjusted data),Total,Percentage of population in the labour force,Total,Belgium,2011-11,7.1,,
ESTAT:UNE_RT_M(1.0),06/06/25 23:00:00,Monthly,Unadjusted data (i.e. neither seasonally adjusted nor calendar adjusted data),Total,Percentage of population in the labour force,Total,Belgium,2011-12,7.1,,
ESTAT:UNE_RT_M(1.0),06/06/25 23:00:00,Monthly,Unadjusted data (i.e. neither seasonally adjusted nor calendar adjusted data),Total,Percentage of population in the labour force,Total,Belgium,2012-01,7.4,,
ESTAT:UNE_RT_M(1.0),06/06/25 23:00:00,Monthly,Unadjusted data (i.e. neither seasonally adjusted nor calendar adjusted data),Total,Percentage of population in the labour force,Total,Belgium,2012-02,7.4,,
ESTAT:UNE_RT_M(1.0),06/06/25 23:00:00,Monthly,Unadjusted data (i.e. neither seasonally adjusted nor calendar adjusted data),Total,Percentage of population in the labour force,Total,Belgium,2012-03,7.2,,
ESTAT:UNE_RT_M(1.0),06/06/25 23:00:00,Monthly,Unadjusted data (i.e. neither seasonally adjusted nor calendar adjusted data),Total,Percentage of population in the labour force,Total,Belgium,2012-04,7.1,,
ESTAT:UNE_RT_M(1.0),06/06/25 23:00:00,Monthly,Unadjusted data (i.e. neither seasonally adjusted nor calendar adjusted data),Total,Percentage of population in the labour force,Total,Belgium,2012-05,7.0,,
ESTAT:UNE_RT_M(1.0),06/06/25 23:00:00,Monthly,Unadjusted data (i.e. neither seasonally adjusted nor calendar adjusted data),Total,Percentage of population in the labour force,Total,Belgium,2012-06,7.0,,
ESTAT:UNE_RT_M(1.0),06/06/25 23:00:00,Monthly,Unadjusted data (i.e. neither seasonally adjusted nor calendar adjusted data),Total,Percentage of population in the labour force,Total,Belgium,2012-07,7.6,,
ESTAT:UNE_RT_M(1.0),06/06/25 23:00:00,Monthly,Unadjusted data (i.e. neither seasonally adjusted nor calendar adjusted data),Total,Percentage of population in the labour force,Total,Belgium,2012-08,7.9,,
ESTAT:UNE_RT_M(1.0),06/06/25 23:00:00,Monthly,Unadjusted data (i.e. neither seasonally adjusted nor calendar adjusted data),Total,Percentage of population in the labour force,Total,Belgium,2012-09,8.0,,
ESTAT:UNE_RT_M(1.0),06/06/25 23:00:00,Monthly,Unadjusted data (i.e. neither seasonally adjusted nor calendar adjusted data),Total,Percentage of population in the labour force,Total,Belgium,2012-10,8.2,,
ESTAT:UNE_RT_M(1.0),06/06/25 23:00:00,Monthly,Unadjusted data (i.e. neither seasonally adjusted nor calendar adjusted data),Total,Percentage of population in the labour force,Total,Belgium,2012-11,8.3,,
ESTAT:UNE_RT_M(1.0),06/06/25 23:00:00,Monthly,Unadjusted data (i.e. neither seasonally adjusted nor calendar adjusted data),Total,Percentage of population in the labour force,Total,Belgium,2012-12,8.5,,
ESTAT:UNE_RT_M(1.0),06/06/25 23:00:00,Monthly,Unadjusted data (i.e. neither seasonally adjusted nor calendar adjusted data),Total,Percentage of population in the labour force,Total,Belgium,2013-01,8.7,,
ESTAT:UNE_RT_M(1.0),06/06/25 23:00:00,Monthly,Unadjusted data (i.e. neither seasonally adjusted nor calendar adjusted data),Total,Percentage of population in the labour force,Total,Belgium,2013-02,8.6,,
ESTAT:UNE_RT_M(1.0),06/06/25 23:00:00,Monthly,Unadjusted data (i.e. neither seasonally adjusted nor calendar adjusted data),Total,Percentage of population in the labour force,Total,Belgium,2013-03,8.5,,
ESTAT:UNE_RT_M(1.0),06/06/25 23:00:00,Monthly,Unadjusted data (i.e. neither seasonally adjusted nor calendar adjusted data),Total,Percentage of population in the labour force,Total,Belgium,2013-04,8.4,,
ESTAT:UNE_RT_M(1.0),06/06/25 23:00:00,Monthly,Unadjusted data (i.e. neither seasonally adjusted nor calendar adjusted data),Total,Percentage of population in the labour force,Total,Belgium,2013-05,8.2,,
ESTAT:UNE_RT_M(1.0),06/06/25 23:00:00,Monthly,Unadjusted data (i.e. neither seasonally adjusted nor calendar adjusted data),Total,Percentage of population in the labour force,Total,Belgium,2013-06,8.1,,
ESTAT:UNE_RT_M(1.0),06/06/25 23:00:00,Monthly,Unadjusted data (i.e. neither seasonally adjusted nor calendar adjusted data),Total,Percentage of population in the labour force,Total,Belgium,2013-07,8.7,,
ESTAT:UNE_RT_M(1.0),06/06/25 23:00:00,Monthly,Unadjusted data (i.e. neither seasonally adjusted nor calendar adjusted data),Total,Percentage of population in the labour force,Total,Belgium,2013-08,8.8,,
ESTAT:UNE_RT_M(1.0),06/06/25 23:00:00,Monthly,Unadjusted data (i.e. neither seasonally adjusted nor calendar adjusted data),Total,Percentage of population in the labour force,Total,Belgium,2013-09,8.7,,
ESTAT:UNE_RT_M(1.0),06/06/25 23:00:00,Monthly,Unadjusted data (i.e. neither seasonally adjusted nor calendar adjusted data),Total,Percentage of population in the labour force,Total,Belgium,2013-10,8.6,,
ESTAT:UNE_RT_M(1.0),06/06/25 23:00:00,Monthly,Unadjusted data (i.e. neither seasonally adjusted nor calendar adjusted data),Total,Percentage of population in the labour force,Total,Belgium,2013-11,8.6,,
ESTAT:UNE_RT_M(1.0),06/06/25 23:00:00,Monthly,Unadjusted data (i.e. neither seasonally adjusted nor calendar adjusted data),Total,Percentage of population in the labour force,Total,Belgium,2013-12,8.7,,
ESTAT:UNE_RT_M(1.0),06/06/25 23:00:00,Monthly,Unadjusted data (i.e. neither seasonally adjusted nor calendar adjusted data),Total,Percentage of population in the labour force,Total,Belgium,2014-01,9.0,,
ESTAT:UNE_RT_M(1.0),06/06/25 23:00:00,Monthly,Unadjusted data (i.e. neither seasonally adjusted nor calendar adjusted data),Total,Percentage of population in the labour force,Total,Belgium,2014-02,8.8,,
ESTAT:UNE_RT_M(1.0),06/06/25 23:00:00,Monthly,Unadjusted data (i.e. neither seasonally adjusted nor calendar adjusted data),Total,Percentage of population in the labour force,Total,Belgium,2014-03,8.7,,
ESTAT:UNE_RT_M(1.0),06/06/25 23:00:00,Monthly,Unadjusted data (i.e. neither seasonally adjusted nor calendar adjusted data),Total,Percentage of population in the labour force,Total,Belgium,2014-04,8.5,,
ESTAT:UNE_RT_M(1.0),06/06/25 23:00:00,Monthly,Unadjusted data (i.e. neither seasonally adjusted nor calendar adjusted data),Total,Percentage of population in the labour force,Total,Belgium,2014-05,8.2,,
ESTAT:UNE_RT_M(1.0),06/06/25 23:00:00,Monthly,Unadjusted data (i.e. neither seasonally adjusted nor calendar adjusted data),Total,Percentage of population in the labour force,Total,Belgium,2014-06,8.1,,
ESTAT:UNE_RT_M(1.0),06/06/25 23:00:00,Monthly,Unadjusted data (i.e. neither seasonally adjusted nor calendar adjusted data),Total,Percentage of population in the labour force,Total,Belgium,2014-07,8.8,,
ESTAT:UNE_RT_M(1.0),06/06/25 23:00:00,Monthly,Unadjusted data (i.e. neither seasonally adjusted nor calendar adjusted data),Total,Percentage of population in the labour force,Total,Belgium,2014-08,8.9,,
ESTAT:UNE_RT_M(1.0),06/06/25 23:00:00,Monthly,Unadjusted data (i.e. neither seasonally adjusted nor calendar adjusted data),Total,Percentage of population in the labour force,Total,Belgium,2014-09,8.8,,
ESTAT:UNE_RT_M(1.0),06/06/25 23:00:00,Monthly,Unadjusted data (i.e. neither seasonally adjusted nor calendar adjusted data),Total,Percentage of population in the labour force,Total,Belgium,2014-10,8.7,,
ESTAT:UNE_RT_M(1.0),06/06/25 23:00:00,Monthly,Unadjusted data (i.e. neither seasonally adjusted nor calendar adjusted data),Total,Percentage of population in the labour force,Total,Belgium,2014-11,8.6,,
ESTAT:UNE_RT_M(1.0),06/06/25 23:00:00,Monthly,Unadjusted data (i.e. neither seasonally adjusted nor calendar adjusted data),Total,Percentage of population in the labour force,Total,Belgium,2014-12,8.7,,
ESTAT:UNE_RT_M(1.0),06/06/25 23:00:00,Monthly,Unadjusted data (i.e. neither seasonally adjusted nor calendar adjusted data),Total,Percentage of population in the labour force,Total,Belgium,2015-01,8.9,,
ESTAT:UNE_RT_M(1.0),06/06/25 23:00:00,Monthly,Unadjusted data (i.e. neither seasonally adjusted nor calendar adjusted data),Total,Percentage of population in the labour force,Total,Belgium,2015-02,8.9,,
ESTAT:UNE_RT_M(1.0),06/06/25 23:00:00,Monthly,Unadjusted data (i.e. neither seasonally adjusted nor calendar adjusted data),Total,Percentage of population in the labour force,Total,Belgium,2015-03,8.9,,
ESTAT:UNE_RT_M(1.0),06/06/25 23:00:00,Monthly,Unadjusted data (i.e. neither seasonally adjusted nor calendar adjusted data),Total,Percentage of population in the labour force,Total,Belgium,2015-04,8.7,,
ESTAT:UNE_RT_M(1.0),06/06/25 23:00:00,Monthly,Unadjusted data (i.e. neither seasonally adjusted nor calendar adjusted data),Total,Percentage of population in the labour force,Total,Belgium,2015-05,8.4,,
ESTAT:UNE_RT_M(1.0),06/06/25 23:00:00,Monthly,Unadjusted data (i.e. neither seasonally adjusted nor calendar adjusted data),Total,Percentage of population in the labour force,Total,Belgium,2015-06,8.2,,
ESTAT:UNE_RT_M(1.0),06/06/25 23:00:00,Monthly,Unadjusted data (i.e. neither seasonally adjusted nor calendar adjusted data),Total,Percentage of population in the labour force,Total,Belgium,2015-07,8.4,,
ESTAT:UNE_RT_M(1.0),06/06/25 23:00:00,Monthly,Unadjusted data (i.e. neither seasonally adjusted nor calendar adjusted data),Total,Percentage of population in the labour force,Total,Belgium,2015-08,8.4,,
ESTAT:UNE_RT_M(1.0),06/06/25 23:00:00,Monthly,Unadjusted data (i.e. neither seasonally adjusted nor calendar adjusted data),Total,Percentage of population in the labour force,Total,Belgium,2015-09,8.5,,
ESTAT:UNE_RT_M(1.0),06/06/25 23:00:00,Monthly,Unadjusted data (i.e. neither seasonally adjusted nor calendar adjusted data),Total,Percentage of population in the labour force,Total,Belgium,2015-10,8.8,,
ESTAT:UNE_RT_M(1.0),06/06/25 23:00:00,Monthly,Unadjusted data (i.e. neither seasonally adjusted nor calendar adjusted data),Total,Percentage of population in the labour force,Total,Belgium,2015-11,8.9,,
ESTAT:UNE_RT_M(1.0),06/06/25 23:00:00,Monthly,Unadjusted data (i.e. neither seasonally adjusted nor calendar adjusted data),Total,Percentage of population in the labour force,Total,Belgium,2015-12,8.8,,
ESTAT:UNE_RT_M(1.0),06/06/25 23:00:00,Monthly,Unadjusted data (i.e. neither seasonally adjusted nor calendar adjusted data),Total,Percentage of population in the labour force,Total,Belgium,2016-01,8.6,,
ESTAT:UNE_RT_M(1.0),06/06/25 23:00:00,Monthly,Unadjusted data (i.e. neither seasonally adjusted nor calendar adjusted data),Total,Percentage of population in the labour force,Total,Belgium,2016-02,8.3,,
ESTAT:UNE_RT_M(1.0),06/06/25 23:00:00,Monthly,Unadjusted data (i.e. neither seasonally adjusted nor calendar adjusted data),Total,Percentage of population in the labour force,Total,Belgium,2016-03,8.1,,
ESTAT:UNE_RT_M(1.0),06/06/25 23:00:00,Monthly,Unadjusted data (i.e. neither seasonally adjusted nor calendar adjusted data),Total,Percentage of population in the labour force,Total,Belgium,2016-04,8.1,,
ESTAT:UNE_RT_M(1.0),06/06/25 23:00:00,Monthly,Unadjusted data (i.e. neither seasonally adjusted nor calendar adjusted data),Total,Percentage of population in the labour force,Total,Belgium,2016-05,7.9,,
ESTAT:UNE_RT_M(1.0),06/06/25 23:00:00,Monthly,Unadjusted data (i.e. neither seasonally adjusted nor calendar adjusted data),Total,Percentage of population in the labour force,Total,Belgium,2016-06,7.8,,
ESTAT:UNE_RT_M(1.0),06/06/25 23:00:00,Monthly,Unadjusted data (i.e. neither seasonally adjusted nor calendar adjusted data),Total,Percentage of population in the labour force,Total,Belgium,2016-07,8.1,,
ESTAT:UNE_RT_M(1.0),06/06/25 23:00:00,Monthly,Unadjusted data (i.e. neither seasonally adjusted nor calendar adjusted data),Total,Percentage of population in the labour force,Total,Belgium,2016-08,8.0,,
ESTAT:UNE_RT_M(1.0),06/06/25 23:00:00,Monthly,Unadjusted data (i.e. neither seasonally adjusted nor calendar adjusted data),Total,Percentage of population in the labour force,Total,Belgium,2016-09,7.6,,
ESTAT:UNE_RT_M(1.0),06/06/25 23:00:00,Monthly,Unadjusted data (i.e. neither seasonally adjusted nor calendar adjusted data),Total,Percentage of population in the labour force,Total,Belgium,2016-10,7.3,,
ESTAT:UNE_RT_M(1.0),06/06/25 23:00:00,Monthly,Unadjusted data (i.e. neither seasonally adjusted nor calendar adjusted data),Total,Percentage of population in the labour force,Total,Belgium,2016-11,7.1,,
ESTAT:UNE_RT_M(1.0),06/06/25 23:00:00,Monthly,Unadjusted data (i.e. neither seasonally adjusted nor calendar adjusted data),Total,Percentage of population in the labour force,Total,Belgium,2016-12,7.3,,
ESTAT:UNE_RT_M(1.0),06/06/25 23:00:00,Monthly,Unadjusted data (i.e. neither seasonally adjusted nor calendar adjusted data),Total,Percentage of population in the labour force,Total,Belgium,2017-01,7.7,b,
ESTAT:UNE_RT_M(1.0),06/06/25 23:00:00,Monthly,Unadjusted data (i.e. neither seasonally adjusted nor calendar adjusted data),Total,Percentage of population in the labour force,Total,Belgium,2017-02,7.8,,
ESTAT:UNE_RT_M(1.0),06/06/25 23:00:00,Monthly,Unadjusted data (i.e. neither seasonally adjusted nor calendar adjusted data),Total,Percentage of population in the labour force,Total,Belgium,2017-03,7.6,,
ESTAT:UNE_RT_M(1.0),06/06/25 23:00:00,Monthly,Unadjusted data (i.e. neither seasonally adjusted nor calendar adjusted data),Total,Percentage of population in the labour force,Total,Belgium,2017-04,7.3,,
ESTAT:UNE_RT_M(1.0),06/06/25 23:00:00,Monthly,Unadjusted data (i.e. neither seasonally adjusted nor calendar adjusted data),Total,Percentage of population in the labour force,Total,Belgium,2017-05,7.0,,
ESTAT:UNE_RT_M(1.0),06/06/25 23:00:00,Monthly,Unadjusted data (i.e. neither seasonally adjusted nor calendar adjusted data),Total,Percentage of population in the labour force,Total,Belgium,2017-06,6.8,,
ESTAT:UNE_RT_M(1.0),06/06/25 23:00:00,Monthly,Unadjusted data (i.e. neither seasonally adjusted nor calendar adjusted data),Total,Percentage of population in the labour force,Total,Belgium,2017-07,7.4,,
ESTAT:UNE_RT_M(1.0),06/06/25 23:00:00,Monthly,Unadjusted data (i.e. neither seasonally adjusted nor calendar adjusted data),Total,Percentage of population in the labour force,Total,Belgium,2017-08,7.4,,
ESTAT:UNE_RT_M(1.0),06/06/25 23:00:00,Monthly,Unadjusted data (i.e. neither seasonally adjusted nor calendar adjusted data),Total,Percentage of population in the labour force,Total,Belgium,2017-09,7.0,,
ESTAT:UNE_RT_M(1.0),06/06/25 23:00:00,Monthly,Unadjusted data (i.e. neither seasonally adjusted nor calendar adjusted data),Total,Percentage of population in the labour force,Total,Belgium,2017-10,6.7,,
ESTAT:UNE_RT_M(1.0),06/06/25 23:00:00,Monthly,Unadjusted data (i.e. neither seasonally adjusted nor calendar adjusted data),Total,Percentage of population in the labour force,Total,Belgium,2017-11,6.3,,
ESTAT:UNE_RT_M(1.0),06/06/25 23:00:00,Monthly,Unadjusted data (i.e. neither seasonally adjusted nor calendar adjusted data),Total,Percentage of population in the labour force,Total,Belgium,2017-12,6.2,,
ESTAT:UNE_RT_M(1.0),06/06/25 23:00:00,Monthly,Unadjusted data (i.e. neither seasonally adjusted nor calendar adjusted data),Total,Percentage of population in the labour force,Total,Belgium,2018-01,6.2,,
ESTAT:UNE_RT_M(1.0),06/06/25 23:00:00,Monthly,Unadjusted data (i.e. neither seasonally adjusted nor calendar adjusted data),Total,Percentage of population in the labour force,Total,Belgium,2018-02,6.1,,
ESTAT:UNE_RT_M(1.0),06/06/25 23:00:00,Monthly,Unadjusted data (i.e. neither seasonally adjusted nor calendar adjusted data),Total,Percentage of population in the labour force,Total,Belgium,2018-03,6.1,,
ESTAT:UNE_RT_M(1.0),06/06/25 23:00:00,Monthly,Unadjusted data (i.e. neither seasonally adjusted nor calendar adjusted data),Total,Percentage of population in the labour force,Total,Belgium,2018-04,6.3,,
ESTAT:UNE_RT_M(1.0),06/06/25 23:00:00,Monthly,Unadjusted data (i.e. neither seasonally adjusted nor calendar adjusted data),Total,Percentage of population in the labour force,Total,Belgium,2018-05,6.1,,
ESTAT:UNE_RT_M(1.0),06/06/25 23:00:00,Monthly,Unadjusted data (i.e. neither seasonally adjusted nor calendar adjusted data),Total,Percentage of population in the labour force,Total,Belgium,2018-06,5.9,,
ESTAT:UNE_RT_M(1.0),06/06/25 23:00:00,Monthly,Unadjusted data (i.e. neither seasonally adjusted nor calendar adjusted data),Total,Percentage of population in the labour force,Total,Belgium,2018-07,6.1,,
ESTAT:UNE_RT_M(1.0),06/06/25 23:00:00,Monthly,Unadjusted data (i.e. neither seasonally adjusted nor calendar adjusted data),Total,Percentage of population in the labour force,Total,Belgium,2018-08,5.9,,
ESTAT:UNE_RT_M(1.0),06/06/25 23:00:00,Monthly,Unadjusted data (i.e. neither seasonally adjusted nor calendar adjusted data),Total,Percentage of population in the labour force,Total,Belgium,2018-09,5.7,,
ESTAT:UNE_RT_M(1.0),06/06/25 23:00:00,Monthly,Unadjusted data (i.e. neither seasonally adjusted nor calendar adjusted data),Total,Percentage of population in the labour force,Total,Belgium,2018-10,5.7,,
ESTAT:UNE_RT_M(1.0),06/06/25 23:00:00,Monthly,Unadjusted data (i.e. neither seasonally adjusted nor calendar adjusted data),Total,Percentage of population in the labour force,Total,Belgium,2018-11,5.7,,
ESTAT:UNE_RT_M(1.0),06/06/25 23:00:00,Monthly,Unadjusted data (i.e. neither seasonally adjusted nor calendar adjusted data),Total,Percentage of population in the labour force,Total,Belgium,2018-12,5.7,,
ESTAT:UNE_RT_M(1.0),06/06/25 23:00:00,Monthly,Unadjusted data (i.e. neither seasonally adjusted nor calendar adjusted data),Total,Percentage of population in the labour force,Total,Belgium,2019-01,5.7,,
ESTAT:UNE_RT_M(1.0),06/06/25 23:00:00,Monthly,Unadjusted data (i.e. neither seasonally adjusted nor calendar adjusted data),Total,Percentage of population in the labour force,Total,Belgium,2019-02,5.6,,
ESTAT:UNE_RT_M(1.0),06/06/25 23:00:00,Monthly,Unadjusted data (i.e. neither seasonally adjusted nor calendar adjusted data),Total,Percentage of population in the labour force,Total,Belgium,2019-03,5.5,,
ESTAT:UNE_RT_M(1.0),06/06/25 23:00:00,Monthly,Unadjusted data (i.e. neither seasonally adjusted nor calendar adjusted data),Total,Percentage of population in the labour force,Total,Belgium,2019-04,5.5,,
ESTAT:UNE_RT_M(1.0),06/06/25 23:00:00,Monthly,Unadjusted data (i.e. neither seasonally adjusted nor calendar adjusted data),Total,Percentage of population in the labour force,Total,Belgium,2019-05,5.3,,
ESTAT:UNE_RT_M(1.0),06/06/25 23:00:00,Monthly,Unadjusted data (i.e. neither seasonally adjusted nor calendar adjusted data),Total,Percentage of population in the labour force,Total,Belgium,2019-06,5.2,,
ESTAT:UNE_RT_M(1.0),06/06/25 23:00:00,Monthly,Unadjusted data (i.e. neither seasonally adjusted nor calendar adjusted data),Total,Percentage of population in the labour force,Total,Belgium,2019-07,5.4,,
ESTAT:UNE_RT_M(1.0),06/06/25 23:00:00,Monthly,Unadjusted data (i.e. neither seasonally adjusted nor calendar adjusted data),Total,Percentage of population in the labour force,Total,Belgium,2019-08,5.4,,
ESTAT:UNE_RT_M(1.0),06/06/25 23:00:00,Monthly,Unadjusted data (i.e. neither seasonally adjusted nor calendar adjusted data),Total,Percentage of population in the labour force,Total,Belgium,2019-09,5.3,,
ESTAT:UNE_RT_M(1.0),06/06/25 23:00:00,Monthly,Unadjusted data (i.e. neither seasonally adjusted nor calendar adjusted data),Total,Percentage of population in the labour force,Total,Belgium,2019-10,5.2,,
ESTAT:UNE_RT_M(1.0),06/06/25 23:00:00,Monthly,Unadjusted data (i.e. neither seasonally adjusted nor calendar adjusted data),Total,Percentage of population in the labour force,Total,Belgium,2019-11,5.1,,
ESTAT:UNE_RT_M(1.0),06/06/25 23:00:00,Monthly,Unadjusted data (i.e. neither seasonally adjusted nor calendar adjusted data),Total,Percentage of population in the labour force,Total,Belgium,2019-12,5.2,,
ESTAT:UNE_RT_M(1.0),06/06/25 23:00:00,Monthly,Unadjusted data (i.e. neither seasonally adjusted nor calendar adjusted data),Total,Percentage of population in the labour force,Total,Belgium,2020-01,5.2,,
ESTAT:UNE_RT_M(1.0),06/06/25 23:00:00,Monthly,Unadjusted data (i.e. neither seasonally adjusted nor calendar adjusted data),Total,Percentage of population in the labour force,Total,Belgium,2020-02,5.1,,
ESTAT:UNE_RT_M(1.0),06/06/25 23:00:00,Monthly,Unadjusted data (i.e. neither seasonally adjusted nor calendar adjusted data),Total,Percentage of population in the labour force,Total,Belgium,2020-03,4.9,,
ESTAT:UNE_RT_M(1.0),06/06/25 23:00:00,Monthly,Unadjusted data (i.e. neither seasonally adjusted nor calendar adjusted data),Total,Percentage of population in the labour force,Total,Belgium,2020-04,4.8,,
ESTAT:UNE_RT_M(1.0),06/06/25 23:00:00,Monthly,Unadjusted data (i.e. neither seasonally adjusted nor calendar adjusted data),Total,Percentage of population in the labour force,Total,Belgium,2020-05,4.8,,
ESTAT:UNE_RT_M(1.0),06/06/25 23:00:00,Monthly,Unadjusted data (i.e. neither seasonally adjusted nor calendar adjusted data),Total,Percentage of population in the labour force,Total,Belgium,2020-06,5.1,,
ESTAT:UNE_RT_M(1.0),06/06/25 23:00:00,Monthly,Unadjusted data (i.e. neither seasonally adjusted nor calendar adjusted data),Total,Percentage of population in the labour force,Total,Belgium,2020-07,6.2,,
ESTAT:UNE_RT_M(1.0),06/06/25 23:00:00,Monthly,Unadjusted data (i.e. neither seasonally adjusted nor calendar adjusted data),Total,Percentage of population in the labour force,Total,Belgium,2020-08,6.7,,
ESTAT:UNE_RT_M(1.0),06/06/25 23:00:00,Monthly,Unadjusted data (i.e. neither seasonally adjusted nor calendar adjusted data),Total,Percentage of population in the labour force,Total,Belgium,2020-09,6.4,,
ESTAT:UNE_RT_M(1.0),06/06/25 23:00:00,Monthly,Unadjusted data (i.e. neither seasonally adjusted nor calendar adjusted data),Total,Percentage of population in the labour force,Total,Belgium,2020-10,5.8,,
ESTAT:UNE_RT_M(1.0),06/06/25 23:00:00,Monthly,Unadjusted data (i.e. neither seasonally adjusted nor calendar adjusted data),Total,Percentage of population in the labour force,Total,Belgium,2020-11,5.6,,
ESTAT:UNE_RT_M(1.0),06/06/25 23:00:00,Monthly,Unadjusted data (i.e. neither seasonally adjusted nor calendar adjusted data),Total,Percentage of population in the labour force,Total,Belgium,2020-12,5.9,,
ESTAT:UNE_RT_M(1.0),06/06/25 23:00:00,Monthly,Unadjusted data (i.e. neither seasonally adjusted nor calendar adjusted data),Total,Percentage of population in the labour force,Total,Belgium,2021-01,6.6,,
ESTAT:UNE_RT_M(1.0),06/06/25 23:00:00,Monthly,Unadjusted data (i.e. neither seasonally adjusted nor calendar adjusted data),Total,Percentage of population in the labour force,Total,Belgium,2021-02,6.8,,
ESTAT:UNE_RT_M(1.0),06/06/25 23:00:00,Monthly,Unadjusted data (i.e. neither seasonally adjusted nor calendar adjusted data),Total,Percentage of population in the labour force,Total,Belgium,2021-03,6.7,,
ESTAT:UNE_RT_M(1.0),06/06/25 23:00:00,Monthly,Unadjusted data (i.e. neither seasonally adjusted nor calendar adjusted data),Total,Percentage of population in the labour force,Total,Belgium,2021-04,6.4,,
ESTAT:UNE_RT_M(1.0),06/06/25 23:00:00,Monthly,Unadjusted data (i.e. neither seasonally adjusted nor calendar adjusted data),Total,Percentage of population in the labour force,Total,Belgium,2021-05,6.0,,
ESTAT:UNE_RT_M(1.0),06/06/25 23:00:00,Monthly,Unadjusted data (i.e. neither seasonally adjusted nor calendar adjusted data),Total,Percentage of population in the labour force,Total,Belgium,2021-06,6.0,,
ESTAT:UNE_RT_M(1.0),06/06/25 23:00:00,Monthly,Unadjusted data (i.e. neither seasonally adjusted nor calendar adjusted data),Total,Percentage of population in the labour force,Total,Belgium,2021-07,6.5,,
ESTAT:UNE_RT_M(1.0),06/06/25 23:00:00,Monthly,Unadjusted data (i.e. neither seasonally adjusted nor calendar adjusted data),Total,Percentage of population in the labour force,Total,Belgium,2021-08,6.7,,
ESTAT:UNE_RT_M(1.0),06/06/25 23:00:00,Monthly,Unadjusted data (i.e. neither seasonally adjusted nor calendar adjusted data),Total,Percentage of population in the labour force,Total,Belgium,2021-09,6.3,,
ESTAT:UNE_RT_M(1.0),06/06/25 23:00:00,Monthly,Unadjusted data (i.e. neither seasonally adjusted nor calendar adjusted data),Total,Percentage of population in the labour force,Total,Belgium,2021-10,6.0,,
ESTAT:UNE_RT_M(1.0),06/06/25 23:00:00,Monthly,Unadjusted data (i.e. neither seasonally adjusted nor calendar adjusted data),Total,Percentage of population in the labour force,Total,Belgium,2021-11,5.7,,
ESTAT:UNE_RT_M(1.0),06/06/25 23:00:00,Monthly,Unadjusted data (i.e. neither seasonally adjusted nor calendar adjusted data),Total,Percentage of population in the labour force,Total,Belgium,2021-12,5.6,,
ESTAT:UNE_RT_M(1.0),06/06/25 23:00:00,Monthly,Unadjusted data (i.e. neither seasonally adjusted nor calendar adjusted data),Total,Percentage of population in the labour force,Total,Belgium,2022-01,5.4,,
ESTAT:UNE_RT_M(1.0),06/06/25 23:00:00,Monthly,Unadjusted data (i.e. neither seasonally adjusted nor calendar adjusted data),Total,Percentage of population in the labour force,Total,Belgium,2022-02,5.3,,
ESTAT:UNE_RT_M(1.0),06/06/25 23:00:00,Monthly,Unadjusted data (i.e. neither seasonally adjusted nor calendar adjusted data),Total,Percentage of population in the labour force,Total,Belgium,2022-03,5.4,,
ESTAT:UNE_RT_M(1.0),06/06/25 23:00:00,Monthly,Unadjusted data (i.e. neither seasonally adjusted nor calendar adjusted data),Total,Percentage of population in the labour force,Total,Belgium,2022-04,5.6,,
ESTAT:UNE_RT_M(1.0),06/06/25 23:00:00,Monthly,Unadjusted data (i.e. neither seasonally adjusted nor calendar adjusted data),Total,Percentage of population in the labour force,Total,Belgium,2022-05,5.7,,
ESTAT:UNE_RT_M(1.0),06/06/25 23:00:00,Monthly,Unadjusted data (i.e. neither seasonally adjusted nor calendar adjusted data),Total,Percentage of population in the labour force,Total,Belgium,2022-06,5.6,,
ESTAT:UNE_RT_M(1.0),06/06/25 23:00:00,Monthly,Unadjusted data (i.e. neither seasonally adjusted nor calendar adjusted data),Total,Percentage of population in the labour force,Total,Belgium,2022-07,5.7,,
ESTAT:UNE_RT_M(1.0),06/06/25 23:00:00,Monthly,Unadjusted data (i.e. neither seasonally adjusted nor calendar adjusted data),Total,Percentage of population in the labour force,Total,Belgium,2022-08,5.7,,
ESTAT:UNE_RT_M(1.0),06/06/25 23:00:00,Monthly,Unadjusted data (i.e. neither seasonally adjusted nor calendar adjusted data),Total,Percentage of population in the labour force,Total,Belgium,2022-09,5.6,,
ESTAT:UNE_RT_M(1.0),06/06/25 23:00:00,Monthly,Unadjusted data (i.e. neither seasonally adjusted nor calendar adjusted data),Total,Percentage of population in the labour force,Total,Belgium,2022-10,5.6,,
ESTAT:UNE_RT_M(1.0),06/06/25 23:00:00,Monthly,Unadjusted data (i.e. neither seasonally adjusted nor calendar adjusted data),Total,Percentage of population in the labour force,Total,Belgium,2022-11,5.6,,
ESTAT:UNE_RT_M(1.0),06/06/25 23:00:00,Monthly,Unadjusted data (i.e. neither seasonally adjusted nor calendar adjusted data),Total,Percentage of population in the labour force,Total,Belgium,2022-12,5.7,,
ESTAT:UNE_RT_M(1.0),06/06/25 23:00:00,Monthly,Unadjusted data (i.e. neither seasonally adjusted nor calendar adjusted data),Total,Percentage of population in the labour force,Total,Belgium,2023-01,5.7,,
ESTAT:UNE_RT_M(1.0),06/06/25 23:00:00,Monthly,Unadjusted data (i.e. neither seasonally adjusted nor calendar adjusted data),Total,Percentage of population in the labour force,Total,Belgium,2023-02,5.6,,
ESTAT:UNE_RT_M(1.0),06/06/25 23:00:00,Monthly,Unadjusted data (i.e. neither seasonally adjusted nor calendar adjusted data),Total,Percentage of population in the labour force,Total,Belgium,2023-03,5.6,,
ESTAT:UNE_RT_M(1.0),06/06/25 23:00:00,Monthly,Unadjusted data (i.e. neither seasonally adjusted nor calendar adjusted data),Total,Percentage of population in the labour force,Total,Belgium,2023-04,5.5,,
ESTAT:UNE_RT_M(1.0),06/06/25 23:00:00,Monthly,Unadjusted data (i.e. neither seasonally adjusted nor calendar adjusted data),Total,Percentage of population in the labour force,Total,Belgium,2023-05,5.4,,
ESTAT:UNE_RT_M(1.0),06/06/25 23:00:00,Monthly,Unadjusted data (i.e. neither seasonally adjusted nor calendar adjusted data),Total,Percentage of population in the labour force,Total,Belgium,2023-06,5.3,,
ESTAT:UNE_RT_M(1.0),06/06/25 23:00:00,Monthly,Unadjusted data (i.e. neither seasonally adjusted nor calendar adjusted data),Total,Percentage of population in the labour force,Total,Belgium,2023-07,5.6,,
ESTAT:UNE_RT_M(1.0),06/06/25 23:00:00,Monthly,Unadjusted data (i.e. neither seasonally adjusted nor calendar adjusted data),Total,Percentage of population in the labour force,Total,Belgium,2023-08,5.6,,
ESTAT:UNE_RT_M(1.0),06/06/25 23:00:00,Monthly,Unadjusted data (i.e. neither seasonally adjusted nor calendar adjusted data),Total,Percentage of population in the labour force,Total,Belgium,2023-09,5.6,,
ESTAT:UNE_RT_M(1.0),06/06/25 23:00:00,Monthly,Unadjusted data (i.e. neither seasonally adjusted nor calendar adjusted data),Total,Percentage of population in the labour force,Total,Belgium,2023-10,5.5,,
ESTAT:UNE_RT_M(1.0),06/06/25 23:00:00,Monthly,Unadjusted data (i.e. neither seasonally adjusted nor calendar adjusted data),Total,Percentage of population in the labour force,Total,Belgium,2023-11,5.4,,
ESTAT:UNE_RT_M(1.0),06/06/25 23:00:00,Monthly,Unadjusted data (i.e. neither seasonally adjusted nor calendar adjusted data),Total,Percentage of population in the labour force,Total,Belgium,2023-12,5.5,,
ESTAT:UNE_RT_M(1.0),06/06/25 23:00:00,Monthly,Unadjusted data (i.e. neither seasonally adjusted nor calendar adjusted data),Total,Percentage of population in the labour force,Total,Belgium,2024-01,5.7,,
ESTAT:UNE_RT_M(1.0),06/06/25 23:00:00,Monthly,Unadjusted data (i.e. neither seasonally adjusted nor calendar adjusted data),Total,Percentage of population in the labour force,Total,Belgium,2024-02,5.7,,
ESTAT:UNE_RT_M(1.0),06/06/25 23:00:00,Monthly,Unadjusted data (i.e. neither seasonally adjusted nor calendar adjusted data),Total,Percentage of population in the labour force,Total,Belgium,2024-03,5.6,,
ESTAT:UNE_RT_M(1.0),06/06/25 23:00:00,Monthly,Unadjusted data (i.e. neither seasonally adjusted nor calendar adjusted data),Total,Percentage of population in the labour force,Total,Belgium,2024-04,5.4,,
ESTAT:UNE_RT_M(1.0),06/06/25 23:00:00,Monthly,Unadjusted data (i.e. neither seasonally adjusted nor calendar adjusted data),Total,Percentage of population in the labour force,Total,Belgium,2024-05,5.3,,
ESTAT:UNE_RT_M(1.0),06/06/25 23:00:00,Monthly,Unadjusted data (i.e. neither seasonally adjusted nor calendar adjusted data),Total,Percentage of population in the labour force,Total,Belgium,2024-06,5.3,,
ESTAT:UNE_RT_M(1.0),06/06/25 23:00:00,Monthly,Unadjusted data (i.e. neither seasonally adjusted nor calendar adjusted data),Total,Percentage of population in the labour force,Total,Belgium,2024-07,5.8,,
ESTAT:UNE_RT_M(1.0),06/06/25 23:00:00,Monthly,Unadjusted data (i.e. neither seasonally adjusted nor calendar adjusted data),Total,Percentage of population in the labour force,Total,Belgium,2024-08,6.0,,
ESTAT:UNE_RT_M(1.0),06/06/25 23:00:00,Monthly,Unadjusted data (i.e. neither seasonally adjusted nor calendar adjusted data),Total,Percentage of population in the labour force,Total,Belgium,2024-09,6.0,,
ESTAT:UNE_RT_M(1.0),06/06/25 23:00:00,Monthly,Unadjusted data (i.e. neither seasonally adjusted nor calendar adjusted data),Total,Percentage of population in the labour force,Total,Belgium,2024-10,5.9,,
ESTAT:UNE_RT_M(1.0),06/06/25 23:00:00,Monthly,Unadjusted data (i.e. neither seasonally adjusted nor calendar adjusted data),Total,Percentage of population in the labour force,Total,Belgium,2024-11,5.8,,
ESTAT:UNE_RT_M(1.0),06/06/25 23:00:00,Monthly,Unadjusted data (i.e. neither seasonally adjusted nor calendar adjusted data),Total,Percentage of population in the labour force,Total,Belgium,2024-12,6.0,,
ESTAT:UNE_RT_M(1.0),06/06/25 23:00:00,Monthly,Unadjusted data (i.e. neither seasonally adjusted nor calendar adjusted data),Total,Percentage of population in the labour force,Total,Belgium,2025-01,6.1,,
ESTAT:UNE_RT_M(1.0),06/06/25 23:00:00,Monthly,Unadjusted data (i.e. neither seasonally adjusted nor calendar adjusted data),Total,Percentage of population in the labour force,Total,Belgium,2025-02,6.2,,
ESTAT:UNE_RT_M(1.0),06/06/25 23:00:00,Monthly,Unadjusted data (i.e. neither seasonally adjusted nor calendar adjusted data),Total,Percentage of population in the labour force,Total,Belgium,2025-03,6.2,,
ESTAT:UNE_RT_M(1.0),06/06/25 23:00:00,Monthly,Unadjusted data (i.e. neither seasonally adjusted nor calendar adjusted data),Total,Percentage of population in the labour force,Total,Belgium,2025-04,6.3,,
