DATAFLOW,LAST UPDATE,freq,unit,coicop,geo,TIME_PERIOD,OBS_VALUE,OBS_FLAG,CONF_STATUS
ESTAT:PRC_HICP_MIDX(1.0),03/06/25 11:00:00,Monthly,"Index, 2015=100",All-items HICP,Belgium,1996-01,69.91,,
ESTAT:PRC_HICP_MIDX(1.0),03/06/25 11:00:00,Monthly,"Index, 2015=100",All-items HICP,Belgium,1996-02,69.98,,
ESTAT:PRC_HICP_MIDX(1.0),03/06/25 11:00:00,Monthly,"Index, 2015=100",All-items HICP,Belgium,1996-03,70.12,,
ESTAT:PRC_HICP_MIDX(1.0),03/06/25 11:00:00,Monthly,"Index, 2015=100",All-items HICP,Belgium,1996-04,70.47,,
ESTAT:PRC_HICP_MIDX(1.0),03/06/25 11:00:00,Monthly,"Index, 2015=100",All-items HICP,Belgium,1996-05,70.61,,
ESTAT:PRC_HICP_MIDX(1.0),03/06/25 11:00:00,Monthly,"Index, 2015=100",All-items HICP,Belgium,1996-06,70.47,,
ESTAT:PRC_HICP_MIDX(1.0),03/06/25 11:00:00,Monthly,"Index, 2015=100",All-items HICP,Belgium,1996-07,70.40,,
ESTAT:PRC_HICP_MIDX(1.0),03/06/25 11:00:00,Monthly,"Index, 2015=100",All-items HICP,Belgium,1996-08,70.40,,
ESTAT:PRC_HICP_MIDX(1.0),03/06/25 11:00:00,Monthly,"Index, 2015=100",All-items HICP,Belgium,1996-09,70.54,,
ESTAT:PRC_HICP_MIDX(1.0),03/06/25 11:00:00,Monthly,"Index, 2015=100",All-items HICP,Belgium,1996-10,70.89,,
ESTAT:PRC_HICP_MIDX(1.0),03/06/25 11:00:00,Monthly,"Index, 2015=100",All-items HICP,Belgium,1996-11,70.89,,
ESTAT:PRC_HICP_MIDX(1.0),03/06/25 11:00:00,Monthly,"Index, 2015=100",All-items HICP,Belgium,1996-12,71.03,,
ESTAT:PRC_HICP_MIDX(1.0),03/06/25 11:00:00,Monthly,"Index, 2015=100",All-items HICP,Belgium,1997-01,71.39,,
ESTAT:PRC_HICP_MIDX(1.0),03/06/25 11:00:00,Monthly,"Index, 2015=100",All-items HICP,Belgium,1997-02,71.32,,
ESTAT:PRC_HICP_MIDX(1.0),03/06/25 11:00:00,Monthly,"Index, 2015=100",All-items HICP,Belgium,1997-03,71.03,,
ESTAT:PRC_HICP_MIDX(1.0),03/06/25 11:00:00,Monthly,"Index, 2015=100",All-items HICP,Belgium,1997-04,71.25,,
ESTAT:PRC_HICP_MIDX(1.0),03/06/25 11:00:00,Monthly,"Index, 2015=100",All-items HICP,Belgium,1997-05,71.60,,
ESTAT:PRC_HICP_MIDX(1.0),03/06/25 11:00:00,Monthly,"Index, 2015=100",All-items HICP,Belgium,1997-06,71.60,,
ESTAT:PRC_HICP_MIDX(1.0),03/06/25 11:00:00,Monthly,"Index, 2015=100",All-items HICP,Belgium,1997-07,71.74,,
ESTAT:PRC_HICP_MIDX(1.0),03/06/25 11:00:00,Monthly,"Index, 2015=100",All-items HICP,Belgium,1997-08,71.60,,
ESTAT:PRC_HICP_MIDX(1.0),03/06/25 11:00:00,Monthly,"Index, 2015=100",All-items HICP,Belgium,1997-09,71.67,,
ESTAT:PRC_HICP_MIDX(1.0),03/06/25 11:00:00,Monthly,"Index, 2015=100",All-items HICP,Belgium,1997-10,71.74,,
ESTAT:PRC_HICP_MIDX(1.0),03/06/25 11:00:00,Monthly,"Index, 2015=100",All-items HICP,Belgium,1997-11,71.81,,
ESTAT:PRC_HICP_MIDX(1.0),03/06/25 11:00:00,Monthly,"Index, 2015=100",All-items HICP,Belgium,1997-12,71.67,,
ESTAT:PRC_HICP_MIDX(1.0),03/06/25 11:00:00,Monthly,"Index, 2015=100",All-items HICP,Belgium,1998-01,71.74,,
ESTAT:PRC_HICP_MIDX(1.0),03/06/25 11:00:00,Monthly,"Index, 2015=100",All-items HICP,Belgium,1998-02,71.88,,
ESTAT:PRC_HICP_MIDX(1.0),03/06/25 11:00:00,Monthly,"Index, 2015=100",All-items HICP,Belgium,1998-03,71.74,,
ESTAT:PRC_HICP_MIDX(1.0),03/06/25 11:00:00,Monthly,"Index, 2015=100",All-items HICP,Belgium,1998-04,72.16,,
ESTAT:PRC_HICP_MIDX(1.0),03/06/25 11:00:00,Monthly,"Index, 2015=100",All-items HICP,Belgium,1998-05,72.51,,
ESTAT:PRC_HICP_MIDX(1.0),03/06/25 11:00:00,Monthly,"Index, 2015=100",All-items HICP,Belgium,1998-06,72.44,,
ESTAT:PRC_HICP_MIDX(1.0),03/06/25 11:00:00,Monthly,"Index, 2015=100",All-items HICP,Belgium,1998-07,72.59,,
ESTAT:PRC_HICP_MIDX(1.0),03/06/25 11:00:00,Monthly,"Index, 2015=100",All-items HICP,Belgium,1998-08,72.30,,
ESTAT:PRC_HICP_MIDX(1.0),03/06/25 11:00:00,Monthly,"Index, 2015=100",All-items HICP,Belgium,1998-09,72.23,,
ESTAT:PRC_HICP_MIDX(1.0),03/06/25 11:00:00,Monthly,"Index, 2015=100",All-items HICP,Belgium,1998-10,72.23,,
ESTAT:PRC_HICP_MIDX(1.0),03/06/25 11:00:00,Monthly,"Index, 2015=100",All-items HICP,Belgium,1998-11,72.23,,
ESTAT:PRC_HICP_MIDX(1.0),03/06/25 11:00:00,Monthly,"Index, 2015=100",All-items HICP,Belgium,1998-12,72.16,,
ESTAT:PRC_HICP_MIDX(1.0),03/06/25 11:00:00,Monthly,"Index, 2015=100",All-items HICP,Belgium,1999-01,72.44,,
ESTAT:PRC_HICP_MIDX(1.0),03/06/25 11:00:00,Monthly,"Index, 2015=100",All-items HICP,Belgium,1999-02,72.59,,
ESTAT:PRC_HICP_MIDX(1.0),03/06/25 11:00:00,Monthly,"Index, 2015=100",All-items HICP,Belgium,1999-03,72.66,,
ESTAT:PRC_HICP_MIDX(1.0),03/06/25 11:00:00,Monthly,"Index, 2015=100",All-items HICP,Belgium,1999-04,72.94,,
ESTAT:PRC_HICP_MIDX(1.0),03/06/25 11:00:00,Monthly,"Index, 2015=100",All-items HICP,Belgium,1999-05,73.08,,
ESTAT:PRC_HICP_MIDX(1.0),03/06/25 11:00:00,Monthly,"Index, 2015=100",All-items HICP,Belgium,1999-06,72.94,,
ESTAT:PRC_HICP_MIDX(1.0),03/06/25 11:00:00,Monthly,"Index, 2015=100",All-items HICP,Belgium,1999-07,73.08,,
ESTAT:PRC_HICP_MIDX(1.0),03/06/25 11:00:00,Monthly,"Index, 2015=100",All-items HICP,Belgium,1999-08,72.94,,
ESTAT:PRC_HICP_MIDX(1.0),03/06/25 11:00:00,Monthly,"Index, 2015=100",All-items HICP,Belgium,1999-09,73.15,,
ESTAT:PRC_HICP_MIDX(1.0),03/06/25 11:00:00,Monthly,"Index, 2015=100",All-items HICP,Belgium,1999-10,73.22,,
ESTAT:PRC_HICP_MIDX(1.0),03/06/25 11:00:00,Monthly,"Index, 2015=100",All-items HICP,Belgium,1999-11,73.36,,
ESTAT:PRC_HICP_MIDX(1.0),03/06/25 11:00:00,Monthly,"Index, 2015=100",All-items HICP,Belgium,1999-12,73.64,,
ESTAT:PRC_HICP_MIDX(1.0),03/06/25 11:00:00,Monthly,"Index, 2015=100",All-items HICP,Belgium,2000-01,72.66,,
ESTAT:PRC_HICP_MIDX(1.0),03/06/25 11:00:00,Monthly,"Index, 2015=100",All-items HICP,Belgium,2000-02,74.14,,
ESTAT:PRC_HICP_MIDX(1.0),03/06/25 11:00:00,Monthly,"Index, 2015=100",All-items HICP,Belgium,2000-03,74.49,,
ESTAT:PRC_HICP_MIDX(1.0),03/06/25 11:00:00,Monthly,"Index, 2015=100",All-items HICP,Belgium,2000-04,74.63,,
ESTAT:PRC_HICP_MIDX(1.0),03/06/25 11:00:00,Monthly,"Index, 2015=100",All-items HICP,Belgium,2000-05,74.84,,
ESTAT:PRC_HICP_MIDX(1.0),03/06/25 11:00:00,Monthly,"Index, 2015=100",All-items HICP,Belgium,2000-06,75.12,,
ESTAT:PRC_HICP_MIDX(1.0),03/06/25 11:00:00,Monthly,"Index, 2015=100",All-items HICP,Belgium,2000-07,74.35,,
ESTAT:PRC_HICP_MIDX(1.0),03/06/25 11:00:00,Monthly,"Index, 2015=100",All-items HICP,Belgium,2000-08,75.47,,
ESTAT:PRC_HICP_MIDX(1.0),03/06/25 11:00:00,Monthly,"Index, 2015=100",All-items HICP,Belgium,2000-09,76.04,,
ESTAT:PRC_HICP_MIDX(1.0),03/06/25 11:00:00,Monthly,"Index, 2015=100",All-items HICP,Belgium,2000-10,75.90,,
ESTAT:PRC_HICP_MIDX(1.0),03/06/25 11:00:00,Monthly,"Index, 2015=100",All-items HICP,Belgium,2000-11,76.04,,
ESTAT:PRC_HICP_MIDX(1.0),03/06/25 11:00:00,Monthly,"Index, 2015=100",All-items HICP,Belgium,2000-12,75.83,,
ESTAT:PRC_HICP_MIDX(1.0),03/06/25 11:00:00,Monthly,"Index, 2015=100",All-items HICP,Belgium,2001-01,74.64,,
ESTAT:PRC_HICP_MIDX(1.0),03/06/25 11:00:00,Monthly,"Index, 2015=100",All-items HICP,Belgium,2001-02,75.98,,
ESTAT:PRC_HICP_MIDX(1.0),03/06/25 11:00:00,Monthly,"Index, 2015=100",All-items HICP,Belgium,2001-03,76.12,,
ESTAT:PRC_HICP_MIDX(1.0),03/06/25 11:00:00,Monthly,"Index, 2015=100",All-items HICP,Belgium,2001-04,76.80,,
ESTAT:PRC_HICP_MIDX(1.0),03/06/25 11:00:00,Monthly,"Index, 2015=100",All-items HICP,Belgium,2001-05,77.20,,
ESTAT:PRC_HICP_MIDX(1.0),03/06/25 11:00:00,Monthly,"Index, 2015=100",All-items HICP,Belgium,2001-06,77.34,,
ESTAT:PRC_HICP_MIDX(1.0),03/06/25 11:00:00,Monthly,"Index, 2015=100",All-items HICP,Belgium,2001-07,76.37,,
ESTAT:PRC_HICP_MIDX(1.0),03/06/25 11:00:00,Monthly,"Index, 2015=100",All-items HICP,Belgium,2001-08,77.38,,
ESTAT:PRC_HICP_MIDX(1.0),03/06/25 11:00:00,Monthly,"Index, 2015=100",All-items HICP,Belgium,2001-09,77.49,,
ESTAT:PRC_HICP_MIDX(1.0),03/06/25 11:00:00,Monthly,"Index, 2015=100",All-items HICP,Belgium,2001-10,77.40,,
ESTAT:PRC_HICP_MIDX(1.0),03/06/25 11:00:00,Monthly,"Index, 2015=100",All-items HICP,Belgium,2001-11,77.40,,
ESTAT:PRC_HICP_MIDX(1.0),03/06/25 11:00:00,Monthly,"Index, 2015=100",All-items HICP,Belgium,2001-12,77.29,,
ESTAT:PRC_HICP_MIDX(1.0),03/06/25 11:00:00,Monthly,"Index, 2015=100",All-items HICP,Belgium,2002-01,76.61,,
ESTAT:PRC_HICP_MIDX(1.0),03/06/25 11:00:00,Monthly,"Index, 2015=100",All-items HICP,Belgium,2002-02,77.86,,
ESTAT:PRC_HICP_MIDX(1.0),03/06/25 11:00:00,Monthly,"Index, 2015=100",All-items HICP,Belgium,2002-03,78.04,,
ESTAT:PRC_HICP_MIDX(1.0),03/06/25 11:00:00,Monthly,"Index, 2015=100",All-items HICP,Belgium,2002-04,78.09,,
ESTAT:PRC_HICP_MIDX(1.0),03/06/25 11:00:00,Monthly,"Index, 2015=100",All-items HICP,Belgium,2002-05,78.20,,
ESTAT:PRC_HICP_MIDX(1.0),03/06/25 11:00:00,Monthly,"Index, 2015=100",All-items HICP,Belgium,2002-06,77.99,,
ESTAT:PRC_HICP_MIDX(1.0),03/06/25 11:00:00,Monthly,"Index, 2015=100",All-items HICP,Belgium,2002-07,77.25,,
ESTAT:PRC_HICP_MIDX(1.0),03/06/25 11:00:00,Monthly,"Index, 2015=100",All-items HICP,Belgium,2002-08,78.33,,
ESTAT:PRC_HICP_MIDX(1.0),03/06/25 11:00:00,Monthly,"Index, 2015=100",All-items HICP,Belgium,2002-09,78.41,,
ESTAT:PRC_HICP_MIDX(1.0),03/06/25 11:00:00,Monthly,"Index, 2015=100",All-items HICP,Belgium,2002-10,78.34,,
ESTAT:PRC_HICP_MIDX(1.0),03/06/25 11:00:00,Monthly,"Index, 2015=100",All-items HICP,Belgium,2002-11,78.23,,
ESTAT:PRC_HICP_MIDX(1.0),03/06/25 11:00:00,Monthly,"Index, 2015=100",All-items HICP,Belgium,2002-12,78.32,,
ESTAT:PRC_HICP_MIDX(1.0),03/06/25 11:00:00,Monthly,"Index, 2015=100",All-items HICP,Belgium,2003-01,77.51,,
ESTAT:PRC_HICP_MIDX(1.0),03/06/25 11:00:00,Monthly,"Index, 2015=100",All-items HICP,Belgium,2003-02,79.16,,
ESTAT:PRC_HICP_MIDX(1.0),03/06/25 11:00:00,Monthly,"Index, 2015=100",All-items HICP,Belgium,2003-03,79.38,,
ESTAT:PRC_HICP_MIDX(1.0),03/06/25 11:00:00,Monthly,"Index, 2015=100",All-items HICP,Belgium,2003-04,79.24,,
ESTAT:PRC_HICP_MIDX(1.0),03/06/25 11:00:00,Monthly,"Index, 2015=100",All-items HICP,Belgium,2003-05,78.93,,
ESTAT:PRC_HICP_MIDX(1.0),03/06/25 11:00:00,Monthly,"Index, 2015=100",All-items HICP,Belgium,2003-06,79.18,,
ESTAT:PRC_HICP_MIDX(1.0),03/06/25 11:00:00,Monthly,"Index, 2015=100",All-items HICP,Belgium,2003-07,78.32,,
ESTAT:PRC_HICP_MIDX(1.0),03/06/25 11:00:00,Monthly,"Index, 2015=100",All-items HICP,Belgium,2003-08,79.64,,
ESTAT:PRC_HICP_MIDX(1.0),03/06/25 11:00:00,Monthly,"Index, 2015=100",All-items HICP,Belgium,2003-09,79.75,,
ESTAT:PRC_HICP_MIDX(1.0),03/06/25 11:00:00,Monthly,"Index, 2015=100",All-items HICP,Belgium,2003-10,79.51,,
ESTAT:PRC_HICP_MIDX(1.0),03/06/25 11:00:00,Monthly,"Index, 2015=100",All-items HICP,Belgium,2003-11,79.64,,
ESTAT:PRC_HICP_MIDX(1.0),03/06/25 11:00:00,Monthly,"Index, 2015=100",All-items HICP,Belgium,2003-12,79.60,,
ESTAT:PRC_HICP_MIDX(1.0),03/06/25 11:00:00,Monthly,"Index, 2015=100",All-items HICP,Belgium,2004-01,78.59,,
ESTAT:PRC_HICP_MIDX(1.0),03/06/25 11:00:00,Monthly,"Index, 2015=100",All-items HICP,Belgium,2004-02,80.05,,
ESTAT:PRC_HICP_MIDX(1.0),03/06/25 11:00:00,Monthly,"Index, 2015=100",All-items HICP,Belgium,2004-03,80.11,,
ESTAT:PRC_HICP_MIDX(1.0),03/06/25 11:00:00,Monthly,"Index, 2015=100",All-items HICP,Belgium,2004-04,80.57,,
ESTAT:PRC_HICP_MIDX(1.0),03/06/25 11:00:00,Monthly,"Index, 2015=100",All-items HICP,Belgium,2004-05,80.82,,
ESTAT:PRC_HICP_MIDX(1.0),03/06/25 11:00:00,Monthly,"Index, 2015=100",All-items HICP,Belgium,2004-06,80.75,,
ESTAT:PRC_HICP_MIDX(1.0),03/06/25 11:00:00,Monthly,"Index, 2015=100",All-items HICP,Belgium,2004-07,79.92,,
ESTAT:PRC_HICP_MIDX(1.0),03/06/25 11:00:00,Monthly,"Index, 2015=100",All-items HICP,Belgium,2004-08,81.27,,
ESTAT:PRC_HICP_MIDX(1.0),03/06/25 11:00:00,Monthly,"Index, 2015=100",All-items HICP,Belgium,2004-09,81.19,,
ESTAT:PRC_HICP_MIDX(1.0),03/06/25 11:00:00,Monthly,"Index, 2015=100",All-items HICP,Belgium,2004-10,81.58,,
ESTAT:PRC_HICP_MIDX(1.0),03/06/25 11:00:00,Monthly,"Index, 2015=100",All-items HICP,Belgium,2004-11,81.45,,
ESTAT:PRC_HICP_MIDX(1.0),03/06/25 11:00:00,Monthly,"Index, 2015=100",All-items HICP,Belgium,2004-12,81.20,,
ESTAT:PRC_HICP_MIDX(1.0),03/06/25 11:00:00,Monthly,"Index, 2015=100",All-items HICP,Belgium,2005-01,80.14,,
ESTAT:PRC_HICP_MIDX(1.0),03/06/25 11:00:00,Monthly,"Index, 2015=100",All-items HICP,Belgium,2005-02,81.86,,
ESTAT:PRC_HICP_MIDX(1.0),03/06/25 11:00:00,Monthly,"Index, 2015=100",All-items HICP,Belgium,2005-03,82.39,,
ESTAT:PRC_HICP_MIDX(1.0),03/06/25 11:00:00,Monthly,"Index, 2015=100",All-items HICP,Belgium,2005-04,82.55,,
ESTAT:PRC_HICP_MIDX(1.0),03/06/25 11:00:00,Monthly,"Index, 2015=100",All-items HICP,Belgium,2005-05,82.65,,
ESTAT:PRC_HICP_MIDX(1.0),03/06/25 11:00:00,Monthly,"Index, 2015=100",All-items HICP,Belgium,2005-06,82.93,,
ESTAT:PRC_HICP_MIDX(1.0),03/06/25 11:00:00,Monthly,"Index, 2015=100",All-items HICP,Belgium,2005-07,82.10,,
ESTAT:PRC_HICP_MIDX(1.0),03/06/25 11:00:00,Monthly,"Index, 2015=100",All-items HICP,Belgium,2005-08,83.59,,
ESTAT:PRC_HICP_MIDX(1.0),03/06/25 11:00:00,Monthly,"Index, 2015=100",All-items HICP,Belgium,2005-09,83.56,,
ESTAT:PRC_HICP_MIDX(1.0),03/06/25 11:00:00,Monthly,"Index, 2015=100",All-items HICP,Belgium,2005-10,83.44,,
ESTAT:PRC_HICP_MIDX(1.0),03/06/25 11:00:00,Monthly,"Index, 2015=100",All-items HICP,Belgium,2005-11,83.40,,
ESTAT:PRC_HICP_MIDX(1.0),03/06/25 11:00:00,Monthly,"Index, 2015=100",All-items HICP,Belgium,2005-12,83.44,,
ESTAT:PRC_HICP_MIDX(1.0),03/06/25 11:00:00,Monthly,"Index, 2015=100",All-items HICP,Belgium,2006-01,82.33,,
ESTAT:PRC_HICP_MIDX(1.0),03/06/25 11:00:00,Monthly,"Index, 2015=100",All-items HICP,Belgium,2006-02,84.22,,
ESTAT:PRC_HICP_MIDX(1.0),03/06/25 11:00:00,Monthly,"Index, 2015=100",All-items HICP,Belgium,2006-03,84.16,,
ESTAT:PRC_HICP_MIDX(1.0),03/06/25 11:00:00,Monthly,"Index, 2015=100",All-items HICP,Belgium,2006-04,84.63,,
ESTAT:PRC_HICP_MIDX(1.0),03/06/25 11:00:00,Monthly,"Index, 2015=100",All-items HICP,Belgium,2006-05,84.93,,
ESTAT:PRC_HICP_MIDX(1.0),03/06/25 11:00:00,Monthly,"Index, 2015=100",All-items HICP,Belgium,2006-06,85.00,,
ESTAT:PRC_HICP_MIDX(1.0),03/06/25 11:00:00,Monthly,"Index, 2015=100",All-items HICP,Belgium,2006-07,84.09,,
ESTAT:PRC_HICP_MIDX(1.0),03/06/25 11:00:00,Monthly,"Index, 2015=100",All-items HICP,Belgium,2006-08,85.54,,
ESTAT:PRC_HICP_MIDX(1.0),03/06/25 11:00:00,Monthly,"Index, 2015=100",All-items HICP,Belgium,2006-09,85.13,,
ESTAT:PRC_HICP_MIDX(1.0),03/06/25 11:00:00,Monthly,"Index, 2015=100",All-items HICP,Belgium,2006-10,84.88,,
ESTAT:PRC_HICP_MIDX(1.0),03/06/25 11:00:00,Monthly,"Index, 2015=100",All-items HICP,Belgium,2006-11,85.06,,
ESTAT:PRC_HICP_MIDX(1.0),03/06/25 11:00:00,Monthly,"Index, 2015=100",All-items HICP,Belgium,2006-12,85.17,,
ESTAT:PRC_HICP_MIDX(1.0),03/06/25 11:00:00,Monthly,"Index, 2015=100",All-items HICP,Belgium,2007-01,83.73,,
ESTAT:PRC_HICP_MIDX(1.0),03/06/25 11:00:00,Monthly,"Index, 2015=100",All-items HICP,Belgium,2007-02,85.71,,
ESTAT:PRC_HICP_MIDX(1.0),03/06/25 11:00:00,Monthly,"Index, 2015=100",All-items HICP,Belgium,2007-03,85.71,,
ESTAT:PRC_HICP_MIDX(1.0),03/06/25 11:00:00,Monthly,"Index, 2015=100",All-items HICP,Belgium,2007-04,86.14,,
ESTAT:PRC_HICP_MIDX(1.0),03/06/25 11:00:00,Monthly,"Index, 2015=100",All-items HICP,Belgium,2007-05,86.04,,
ESTAT:PRC_HICP_MIDX(1.0),03/06/25 11:00:00,Monthly,"Index, 2015=100",All-items HICP,Belgium,2007-06,86.10,,
ESTAT:PRC_HICP_MIDX(1.0),03/06/25 11:00:00,Monthly,"Index, 2015=100",All-items HICP,Belgium,2007-07,85.19,,
ESTAT:PRC_HICP_MIDX(1.0),03/06/25 11:00:00,Monthly,"Index, 2015=100",All-items HICP,Belgium,2007-08,86.52,,
ESTAT:PRC_HICP_MIDX(1.0),03/06/25 11:00:00,Monthly,"Index, 2015=100",All-items HICP,Belgium,2007-09,86.36,,
ESTAT:PRC_HICP_MIDX(1.0),03/06/25 11:00:00,Monthly,"Index, 2015=100",All-items HICP,Belgium,2007-10,86.76,,
ESTAT:PRC_HICP_MIDX(1.0),03/06/25 11:00:00,Monthly,"Index, 2015=100",All-items HICP,Belgium,2007-11,87.50,,
ESTAT:PRC_HICP_MIDX(1.0),03/06/25 11:00:00,Monthly,"Index, 2015=100",All-items HICP,Belgium,2007-12,87.82,,
ESTAT:PRC_HICP_MIDX(1.0),03/06/25 11:00:00,Monthly,"Index, 2015=100",All-items HICP,Belgium,2008-01,86.68,,
ESTAT:PRC_HICP_MIDX(1.0),03/06/25 11:00:00,Monthly,"Index, 2015=100",All-items HICP,Belgium,2008-02,88.82,,
ESTAT:PRC_HICP_MIDX(1.0),03/06/25 11:00:00,Monthly,"Index, 2015=100",All-items HICP,Belgium,2008-03,89.47,,
ESTAT:PRC_HICP_MIDX(1.0),03/06/25 11:00:00,Monthly,"Index, 2015=100",All-items HICP,Belgium,2008-04,89.65,,
ESTAT:PRC_HICP_MIDX(1.0),03/06/25 11:00:00,Monthly,"Index, 2015=100",All-items HICP,Belgium,2008-05,90.43,,
ESTAT:PRC_HICP_MIDX(1.0),03/06/25 11:00:00,Monthly,"Index, 2015=100",All-items HICP,Belgium,2008-06,91.06,,
ESTAT:PRC_HICP_MIDX(1.0),03/06/25 11:00:00,Monthly,"Index, 2015=100",All-items HICP,Belgium,2008-07,90.21,,
ESTAT:PRC_HICP_MIDX(1.0),03/06/25 11:00:00,Monthly,"Index, 2015=100",All-items HICP,Belgium,2008-08,91.16,,
ESTAT:PRC_HICP_MIDX(1.0),03/06/25 11:00:00,Monthly,"Index, 2015=100",All-items HICP,Belgium,2008-09,91.07,,
ESTAT:PRC_HICP_MIDX(1.0),03/06/25 11:00:00,Monthly,"Index, 2015=100",All-items HICP,Belgium,2008-10,90.92,,
ESTAT:PRC_HICP_MIDX(1.0),03/06/25 11:00:00,Monthly,"Index, 2015=100",All-items HICP,Belgium,2008-11,90.32,,
ESTAT:PRC_HICP_MIDX(1.0),03/06/25 11:00:00,Monthly,"Index, 2015=100",All-items HICP,Belgium,2008-12,90.19,,
ESTAT:PRC_HICP_MIDX(1.0),03/06/25 11:00:00,Monthly,"Index, 2015=100",All-items HICP,Belgium,2009-01,88.50,,
ESTAT:PRC_HICP_MIDX(1.0),03/06/25 11:00:00,Monthly,"Index, 2015=100",All-items HICP,Belgium,2009-02,90.54,,
ESTAT:PRC_HICP_MIDX(1.0),03/06/25 11:00:00,Monthly,"Index, 2015=100",All-items HICP,Belgium,2009-03,90.04,,
ESTAT:PRC_HICP_MIDX(1.0),03/06/25 11:00:00,Monthly,"Index, 2015=100",All-items HICP,Belgium,2009-04,90.31,,
ESTAT:PRC_HICP_MIDX(1.0),03/06/25 11:00:00,Monthly,"Index, 2015=100",All-items HICP,Belgium,2009-05,90.21,,
ESTAT:PRC_HICP_MIDX(1.0),03/06/25 11:00:00,Monthly,"Index, 2015=100",All-items HICP,Belgium,2009-06,90.10,,
ESTAT:PRC_HICP_MIDX(1.0),03/06/25 11:00:00,Monthly,"Index, 2015=100",All-items HICP,Belgium,2009-07,88.65,,
ESTAT:PRC_HICP_MIDX(1.0),03/06/25 11:00:00,Monthly,"Index, 2015=100",All-items HICP,Belgium,2009-08,90.51,,
ESTAT:PRC_HICP_MIDX(1.0),03/06/25 11:00:00,Monthly,"Index, 2015=100",All-items HICP,Belgium,2009-09,90.14,,
ESTAT:PRC_HICP_MIDX(1.0),03/06/25 11:00:00,Monthly,"Index, 2015=100",All-items HICP,Belgium,2009-10,90.12,,
ESTAT:PRC_HICP_MIDX(1.0),03/06/25 11:00:00,Monthly,"Index, 2015=100",All-items HICP,Belgium,2009-11,90.30,,
ESTAT:PRC_HICP_MIDX(1.0),03/06/25 11:00:00,Monthly,"Index, 2015=100",All-items HICP,Belgium,2009-12,90.49,,
ESTAT:PRC_HICP_MIDX(1.0),03/06/25 11:00:00,Monthly,"Index, 2015=100",All-items HICP,Belgium,2010-01,89.20,,
ESTAT:PRC_HICP_MIDX(1.0),03/06/25 11:00:00,Monthly,"Index, 2015=100",All-items HICP,Belgium,2010-02,91.28,,
ESTAT:PRC_HICP_MIDX(1.0),03/06/25 11:00:00,Monthly,"Index, 2015=100",All-items HICP,Belgium,2010-03,91.75,,
ESTAT:PRC_HICP_MIDX(1.0),03/06/25 11:00:00,Monthly,"Index, 2015=100",All-items HICP,Belgium,2010-04,92.16,,
ESTAT:PRC_HICP_MIDX(1.0),03/06/25 11:00:00,Monthly,"Index, 2015=100",All-items HICP,Belgium,2010-05,92.48,,
ESTAT:PRC_HICP_MIDX(1.0),03/06/25 11:00:00,Monthly,"Index, 2015=100",All-items HICP,Belgium,2010-06,92.50,,
ESTAT:PRC_HICP_MIDX(1.0),03/06/25 11:00:00,Monthly,"Index, 2015=100",All-items HICP,Belgium,2010-07,90.81,,
ESTAT:PRC_HICP_MIDX(1.0),03/06/25 11:00:00,Monthly,"Index, 2015=100",All-items HICP,Belgium,2010-08,92.67,,
ESTAT:PRC_HICP_MIDX(1.0),03/06/25 11:00:00,Monthly,"Index, 2015=100",All-items HICP,Belgium,2010-09,92.78,,
ESTAT:PRC_HICP_MIDX(1.0),03/06/25 11:00:00,Monthly,"Index, 2015=100",All-items HICP,Belgium,2010-10,92.91,,
ESTAT:PRC_HICP_MIDX(1.0),03/06/25 11:00:00,Monthly,"Index, 2015=100",All-items HICP,Belgium,2010-11,93.02,,
ESTAT:PRC_HICP_MIDX(1.0),03/06/25 11:00:00,Monthly,"Index, 2015=100",All-items HICP,Belgium,2010-12,93.55,,
ESTAT:PRC_HICP_MIDX(1.0),03/06/25 11:00:00,Monthly,"Index, 2015=100",All-items HICP,Belgium,2011-01,92.31,,
ESTAT:PRC_HICP_MIDX(1.0),03/06/25 11:00:00,Monthly,"Index, 2015=100",All-items HICP,Belgium,2011-02,94.48,,
ESTAT:PRC_HICP_MIDX(1.0),03/06/25 11:00:00,Monthly,"Index, 2015=100",All-items HICP,Belgium,2011-03,94.80,,
ESTAT:PRC_HICP_MIDX(1.0),03/06/25 11:00:00,Monthly,"Index, 2015=100",All-items HICP,Belgium,2011-04,95.05,,
ESTAT:PRC_HICP_MIDX(1.0),03/06/25 11:00:00,Monthly,"Index, 2015=100",All-items HICP,Belgium,2011-05,95.20,,
ESTAT:PRC_HICP_MIDX(1.0),03/06/25 11:00:00,Monthly,"Index, 2015=100",All-items HICP,Belgium,2011-06,95.52,,
ESTAT:PRC_HICP_MIDX(1.0),03/06/25 11:00:00,Monthly,"Index, 2015=100",All-items HICP,Belgium,2011-07,94.46,,
ESTAT:PRC_HICP_MIDX(1.0),03/06/25 11:00:00,Monthly,"Index, 2015=100",All-items HICP,Belgium,2011-08,95.86,,
ESTAT:PRC_HICP_MIDX(1.0),03/06/25 11:00:00,Monthly,"Index, 2015=100",All-items HICP,Belgium,2011-09,95.77,,
ESTAT:PRC_HICP_MIDX(1.0),03/06/25 11:00:00,Monthly,"Index, 2015=100",All-items HICP,Belgium,2011-10,95.90,,
ESTAT:PRC_HICP_MIDX(1.0),03/06/25 11:00:00,Monthly,"Index, 2015=100",All-items HICP,Belgium,2011-11,96.28,,
ESTAT:PRC_HICP_MIDX(1.0),03/06/25 11:00:00,Monthly,"Index, 2015=100",All-items HICP,Belgium,2011-12,96.53,,
ESTAT:PRC_HICP_MIDX(1.0),03/06/25 11:00:00,Monthly,"Index, 2015=100",All-items HICP,Belgium,2012-01,95.34,,
ESTAT:PRC_HICP_MIDX(1.0),03/06/25 11:00:00,Monthly,"Index, 2015=100",All-items HICP,Belgium,2012-02,97.65,,
ESTAT:PRC_HICP_MIDX(1.0),03/06/25 11:00:00,Monthly,"Index, 2015=100",All-items HICP,Belgium,2012-03,97.75,,
ESTAT:PRC_HICP_MIDX(1.0),03/06/25 11:00:00,Monthly,"Index, 2015=100",All-items HICP,Belgium,2012-04,97.80,,
ESTAT:PRC_HICP_MIDX(1.0),03/06/25 11:00:00,Monthly,"Index, 2015=100",All-items HICP,Belgium,2012-05,97.71,,
ESTAT:PRC_HICP_MIDX(1.0),03/06/25 11:00:00,Monthly,"Index, 2015=100",All-items HICP,Belgium,2012-06,97.59,,
ESTAT:PRC_HICP_MIDX(1.0),03/06/25 11:00:00,Monthly,"Index, 2015=100",All-items HICP,Belgium,2012-07,96.33,,
ESTAT:PRC_HICP_MIDX(1.0),03/06/25 11:00:00,Monthly,"Index, 2015=100",All-items HICP,Belgium,2012-08,98.35,,
ESTAT:PRC_HICP_MIDX(1.0),03/06/25 11:00:00,Monthly,"Index, 2015=100",All-items HICP,Belgium,2012-09,98.27,,
ESTAT:PRC_HICP_MIDX(1.0),03/06/25 11:00:00,Monthly,"Index, 2015=100",All-items HICP,Belgium,2012-10,98.45,,
ESTAT:PRC_HICP_MIDX(1.0),03/06/25 11:00:00,Monthly,"Index, 2015=100",All-items HICP,Belgium,2012-11,98.37,,
ESTAT:PRC_HICP_MIDX(1.0),03/06/25 11:00:00,Monthly,"Index, 2015=100",All-items HICP,Belgium,2012-12,98.54,,
ESTAT:PRC_HICP_MIDX(1.0),03/06/25 11:00:00,Monthly,"Index, 2015=100",All-items HICP,Belgium,2013-01,96.74,,
ESTAT:PRC_HICP_MIDX(1.0),03/06/25 11:00:00,Monthly,"Index, 2015=100",All-items HICP,Belgium,2013-02,99.14,,
ESTAT:PRC_HICP_MIDX(1.0),03/06/25 11:00:00,Monthly,"Index, 2015=100",All-items HICP,Belgium,2013-03,99.14,,
ESTAT:PRC_HICP_MIDX(1.0),03/06/25 11:00:00,Monthly,"Index, 2015=100",All-items HICP,Belgium,2013-04,98.98,,
ESTAT:PRC_HICP_MIDX(1.0),03/06/25 11:00:00,Monthly,"Index, 2015=100",All-items HICP,Belgium,2013-05,98.90,,
ESTAT:PRC_HICP_MIDX(1.0),03/06/25 11:00:00,Monthly,"Index, 2015=100",All-items HICP,Belgium,2013-06,99.19,,
ESTAT:PRC_HICP_MIDX(1.0),03/06/25 11:00:00,Monthly,"Index, 2015=100",All-items HICP,Belgium,2013-07,97.91,,
ESTAT:PRC_HICP_MIDX(1.0),03/06/25 11:00:00,Monthly,"Index, 2015=100",All-items HICP,Belgium,2013-08,99.43,,
ESTAT:PRC_HICP_MIDX(1.0),03/06/25 11:00:00,Monthly,"Index, 2015=100",All-items HICP,Belgium,2013-09,99.26,,
ESTAT:PRC_HICP_MIDX(1.0),03/06/25 11:00:00,Monthly,"Index, 2015=100",All-items HICP,Belgium,2013-10,99.15,,
ESTAT:PRC_HICP_MIDX(1.0),03/06/25 11:00:00,Monthly,"Index, 2015=100",All-items HICP,Belgium,2013-11,99.25,,
ESTAT:PRC_HICP_MIDX(1.0),03/06/25 11:00:00,Monthly,"Index, 2015=100",All-items HICP,Belgium,2013-12,99.69,,
ESTAT:PRC_HICP_MIDX(1.0),03/06/25 11:00:00,Monthly,"Index, 2015=100",All-items HICP,Belgium,2014-01,97.82,,
ESTAT:PRC_HICP_MIDX(1.0),03/06/25 11:00:00,Monthly,"Index, 2015=100",All-items HICP,Belgium,2014-02,99.97,,
ESTAT:PRC_HICP_MIDX(1.0),03/06/25 11:00:00,Monthly,"Index, 2015=100",All-items HICP,Belgium,2014-03,99.94,,
ESTAT:PRC_HICP_MIDX(1.0),03/06/25 11:00:00,Monthly,"Index, 2015=100",All-items HICP,Belgium,2014-04,99.74,,
ESTAT:PRC_HICP_MIDX(1.0),03/06/25 11:00:00,Monthly,"Index, 2015=100",All-items HICP,Belgium,2014-05,99.59,,
ESTAT:PRC_HICP_MIDX(1.0),03/06/25 11:00:00,Monthly,"Index, 2015=100",All-items HICP,Belgium,2014-06,99.74,,
ESTAT:PRC_HICP_MIDX(1.0),03/06/25 11:00:00,Monthly,"Index, 2015=100",All-items HICP,Belgium,2014-07,98.43,,
ESTAT:PRC_HICP_MIDX(1.0),03/06/25 11:00:00,Monthly,"Index, 2015=100",All-items HICP,Belgium,2014-08,99.83,,
ESTAT:PRC_HICP_MIDX(1.0),03/06/25 11:00:00,Monthly,"Index, 2015=100",All-items HICP,Belgium,2014-09,99.46,,
ESTAT:PRC_HICP_MIDX(1.0),03/06/25 11:00:00,Monthly,"Index, 2015=100",All-items HICP,Belgium,2014-10,99.47,,
ESTAT:PRC_HICP_MIDX(1.0),03/06/25 11:00:00,Monthly,"Index, 2015=100",All-items HICP,Belgium,2014-11,99.31,,
ESTAT:PRC_HICP_MIDX(1.0),03/06/25 11:00:00,Monthly,"Index, 2015=100",All-items HICP,Belgium,2014-12,99.30,,
ESTAT:PRC_HICP_MIDX(1.0),03/06/25 11:00:00,Monthly,"Index, 2015=100",All-items HICP,Belgium,2015-01,97.20,,
ESTAT:PRC_HICP_MIDX(1.0),03/06/25 11:00:00,Monthly,"Index, 2015=100",All-items HICP,Belgium,2015-02,99.56,,
ESTAT:PRC_HICP_MIDX(1.0),03/06/25 11:00:00,Monthly,"Index, 2015=100",All-items HICP,Belgium,2015-03,99.82,,
ESTAT:PRC_HICP_MIDX(1.0),03/06/25 11:00:00,Monthly,"Index, 2015=100",All-items HICP,Belgium,2015-04,100.11,,
ESTAT:PRC_HICP_MIDX(1.0),03/06/25 11:00:00,Monthly,"Index, 2015=100",All-items HICP,Belgium,2015-05,100.43,,
ESTAT:PRC_HICP_MIDX(1.0),03/06/25 11:00:00,Monthly,"Index, 2015=100",All-items HICP,Belgium,2015-06,100.60,,
ESTAT:PRC_HICP_MIDX(1.0),03/06/25 11:00:00,Monthly,"Index, 2015=100",All-items HICP,Belgium,2015-07,99.27,,
ESTAT:PRC_HICP_MIDX(1.0),03/06/25 11:00:00,Monthly,"Index, 2015=100",All-items HICP,Belgium,2015-08,100.58,,
ESTAT:PRC_HICP_MIDX(1.0),03/06/25 11:00:00,Monthly,"Index, 2015=100",All-items HICP,Belgium,2015-09,100.36,,
ESTAT:PRC_HICP_MIDX(1.0),03/06/25 11:00:00,Monthly,"Index, 2015=100",All-items HICP,Belgium,2015-10,100.62,,
ESTAT:PRC_HICP_MIDX(1.0),03/06/25 11:00:00,Monthly,"Index, 2015=100",All-items HICP,Belgium,2015-11,100.70,,
ESTAT:PRC_HICP_MIDX(1.0),03/06/25 11:00:00,Monthly,"Index, 2015=100",All-items HICP,Belgium,2015-12,100.74,,
ESTAT:PRC_HICP_MIDX(1.0),03/06/25 11:00:00,Monthly,"Index, 2015=100",All-items HICP,Belgium,2016-01,98.99,,
ESTAT:PRC_HICP_MIDX(1.0),03/06/25 11:00:00,Monthly,"Index, 2015=100",All-items HICP,Belgium,2016-02,100.67,,
ESTAT:PRC_HICP_MIDX(1.0),03/06/25 11:00:00,Monthly,"Index, 2015=100",All-items HICP,Belgium,2016-03,101.46,,
ESTAT:PRC_HICP_MIDX(1.0),03/06/25 11:00:00,Monthly,"Index, 2015=100",All-items HICP,Belgium,2016-04,101.65,,
ESTAT:PRC_HICP_MIDX(1.0),03/06/25 11:00:00,Monthly,"Index, 2015=100",All-items HICP,Belgium,2016-05,102.04,,
ESTAT:PRC_HICP_MIDX(1.0),03/06/25 11:00:00,Monthly,"Index, 2015=100",All-items HICP,Belgium,2016-06,102.40,,
ESTAT:PRC_HICP_MIDX(1.0),03/06/25 11:00:00,Monthly,"Index, 2015=100",All-items HICP,Belgium,2016-07,101.30,,
ESTAT:PRC_HICP_MIDX(1.0),03/06/25 11:00:00,Monthly,"Index, 2015=100",All-items HICP,Belgium,2016-08,102.59,,
ESTAT:PRC_HICP_MIDX(1.0),03/06/25 11:00:00,Monthly,"Index, 2015=100",All-items HICP,Belgium,2016-09,102.15,,
ESTAT:PRC_HICP_MIDX(1.0),03/06/25 11:00:00,Monthly,"Index, 2015=100",All-items HICP,Belgium,2016-10,102.56,,
ESTAT:PRC_HICP_MIDX(1.0),03/06/25 11:00:00,Monthly,"Index, 2015=100",All-items HICP,Belgium,2016-11,102.46,,
ESTAT:PRC_HICP_MIDX(1.0),03/06/25 11:00:00,Monthly,"Index, 2015=100",All-items HICP,Belgium,2016-12,102.96,,
ESTAT:PRC_HICP_MIDX(1.0),03/06/25 11:00:00,Monthly,"Index, 2015=100",All-items HICP,Belgium,2017-01,102.03,,
ESTAT:PRC_HICP_MIDX(1.0),03/06/25 11:00:00,Monthly,"Index, 2015=100",All-items HICP,Belgium,2017-02,104.00,,
ESTAT:PRC_HICP_MIDX(1.0),03/06/25 11:00:00,Monthly,"Index, 2015=100",All-items HICP,Belgium,2017-03,103.99,,
ESTAT:PRC_HICP_MIDX(1.0),03/06/25 11:00:00,Monthly,"Index, 2015=100",All-items HICP,Belgium,2017-04,104.35,,
ESTAT:PRC_HICP_MIDX(1.0),03/06/25 11:00:00,Monthly,"Index, 2015=100",All-items HICP,Belgium,2017-05,104.02,,
ESTAT:PRC_HICP_MIDX(1.0),03/06/25 11:00:00,Monthly,"Index, 2015=100",All-items HICP,Belgium,2017-06,103.95,,
ESTAT:PRC_HICP_MIDX(1.0),03/06/25 11:00:00,Monthly,"Index, 2015=100",All-items HICP,Belgium,2017-07,103.13,,
ESTAT:PRC_HICP_MIDX(1.0),03/06/25 11:00:00,Monthly,"Index, 2015=100",All-items HICP,Belgium,2017-08,104.64,,
ESTAT:PRC_HICP_MIDX(1.0),03/06/25 11:00:00,Monthly,"Index, 2015=100",All-items HICP,Belgium,2017-09,104.15,,
ESTAT:PRC_HICP_MIDX(1.0),03/06/25 11:00:00,Monthly,"Index, 2015=100",All-items HICP,Belgium,2017-10,104.44,,
ESTAT:PRC_HICP_MIDX(1.0),03/06/25 11:00:00,Monthly,"Index, 2015=100",All-items HICP,Belgium,2017-11,104.61,,
ESTAT:PRC_HICP_MIDX(1.0),03/06/25 11:00:00,Monthly,"Index, 2015=100",All-items HICP,Belgium,2017-12,105.08,,
ESTAT:PRC_HICP_MIDX(1.0),03/06/25 11:00:00,Monthly,"Index, 2015=100",All-items HICP,Belgium,2018-01,103.82,,
ESTAT:PRC_HICP_MIDX(1.0),03/06/25 11:00:00,Monthly,"Index, 2015=100",All-items HICP,Belgium,2018-02,105.53,,
ESTAT:PRC_HICP_MIDX(1.0),03/06/25 11:00:00,Monthly,"Index, 2015=100",All-items HICP,Belgium,2018-03,105.56,,
ESTAT:PRC_HICP_MIDX(1.0),03/06/25 11:00:00,Monthly,"Index, 2015=100",All-items HICP,Belgium,2018-04,106.01,,
ESTAT:PRC_HICP_MIDX(1.0),03/06/25 11:00:00,Monthly,"Index, 2015=100",All-items HICP,Belgium,2018-05,106.38,,
ESTAT:PRC_HICP_MIDX(1.0),03/06/25 11:00:00,Monthly,"Index, 2015=100",All-items HICP,Belgium,2018-06,106.68,,
ESTAT:PRC_HICP_MIDX(1.0),03/06/25 11:00:00,Monthly,"Index, 2015=100",All-items HICP,Belgium,2018-07,105.93,,
ESTAT:PRC_HICP_MIDX(1.0),03/06/25 11:00:00,Monthly,"Index, 2015=100",All-items HICP,Belgium,2018-08,107.41,,
ESTAT:PRC_HICP_MIDX(1.0),03/06/25 11:00:00,Monthly,"Index, 2015=100",All-items HICP,Belgium,2018-09,107.10,,
ESTAT:PRC_HICP_MIDX(1.0),03/06/25 11:00:00,Monthly,"Index, 2015=100",All-items HICP,Belgium,2018-10,107.80,,
ESTAT:PRC_HICP_MIDX(1.0),03/06/25 11:00:00,Monthly,"Index, 2015=100",All-items HICP,Belgium,2018-11,107.63,,
ESTAT:PRC_HICP_MIDX(1.0),03/06/25 11:00:00,Monthly,"Index, 2015=100",All-items HICP,Belgium,2018-12,107.39,,
ESTAT:PRC_HICP_MIDX(1.0),03/06/25 11:00:00,Monthly,"Index, 2015=100",All-items HICP,Belgium,2019-01,105.69,,
ESTAT:PRC_HICP_MIDX(1.0),03/06/25 11:00:00,Monthly,"Index, 2015=100",All-items HICP,Belgium,2019-02,107.62,,
ESTAT:PRC_HICP_MIDX(1.0),03/06/25 11:00:00,Monthly,"Index, 2015=100",All-items HICP,Belgium,2019-03,107.86,,
ESTAT:PRC_HICP_MIDX(1.0),03/06/25 11:00:00,Monthly,"Index, 2015=100",All-items HICP,Belgium,2019-04,108.11,,
ESTAT:PRC_HICP_MIDX(1.0),03/06/25 11:00:00,Monthly,"Index, 2015=100",All-items HICP,Belgium,2019-05,108.16,,
ESTAT:PRC_HICP_MIDX(1.0),03/06/25 11:00:00,Monthly,"Index, 2015=100",All-items HICP,Belgium,2019-06,108.09,,
ESTAT:PRC_HICP_MIDX(1.0),03/06/25 11:00:00,Monthly,"Index, 2015=100",All-items HICP,Belgium,2019-07,107.21,,
ESTAT:PRC_HICP_MIDX(1.0),03/06/25 11:00:00,Monthly,"Index, 2015=100",All-items HICP,Belgium,2019-08,108.34,,
ESTAT:PRC_HICP_MIDX(1.0),03/06/25 11:00:00,Monthly,"Index, 2015=100",All-items HICP,Belgium,2019-09,107.70,,
ESTAT:PRC_HICP_MIDX(1.0),03/06/25 11:00:00,Monthly,"Index, 2015=100",All-items HICP,Belgium,2019-10,108.01,,
ESTAT:PRC_HICP_MIDX(1.0),03/06/25 11:00:00,Monthly,"Index, 2015=100",All-items HICP,Belgium,2019-11,108.02,,
ESTAT:PRC_HICP_MIDX(1.0),03/06/25 11:00:00,Monthly,"Index, 2015=100",All-items HICP,Belgium,2019-12,108.38,,
ESTAT:PRC_HICP_MIDX(1.0),03/06/25 11:00:00,Monthly,"Index, 2015=100",All-items HICP,Belgium,2020-01,107.17,,
ESTAT:PRC_HICP_MIDX(1.0),03/06/25 11:00:00,Monthly,"Index, 2015=100",All-items HICP,Belgium,2020-02,108.74,,
ESTAT:PRC_HICP_MIDX(1.0),03/06/25 11:00:00,Monthly,"Index, 2015=100",All-items HICP,Belgium,2020-03,108.32,,
ESTAT:PRC_HICP_MIDX(1.0),03/06/25 11:00:00,Monthly,"Index, 2015=100",All-items HICP,Belgium,2020-04,108.10,,
ESTAT:PRC_HICP_MIDX(1.0),03/06/25 11:00:00,Monthly,"Index, 2015=100",All-items HICP,Belgium,2020-05,107.92,,
ESTAT:PRC_HICP_MIDX(1.0),03/06/25 11:00:00,Monthly,"Index, 2015=100",All-items HICP,Belgium,2020-06,108.33,,
ESTAT:PRC_HICP_MIDX(1.0),03/06/25 11:00:00,Monthly,"Index, 2015=100",All-items HICP,Belgium,2020-07,109.05,,
ESTAT:PRC_HICP_MIDX(1.0),03/06/25 11:00:00,Monthly,"Index, 2015=100",All-items HICP,Belgium,2020-08,107.38,,
ESTAT:PRC_HICP_MIDX(1.0),03/06/25 11:00:00,Monthly,"Index, 2015=100",All-items HICP,Belgium,2020-09,108.21,,
ESTAT:PRC_HICP_MIDX(1.0),03/06/25 11:00:00,Monthly,"Index, 2015=100",All-items HICP,Belgium,2020-10,108.47,,
ESTAT:PRC_HICP_MIDX(1.0),03/06/25 11:00:00,Monthly,"Index, 2015=100",All-items HICP,Belgium,2020-11,108.27,,
ESTAT:PRC_HICP_MIDX(1.0),03/06/25 11:00:00,Monthly,"Index, 2015=100",All-items HICP,Belgium,2020-12,108.76,,
ESTAT:PRC_HICP_MIDX(1.0),03/06/25 11:00:00,Monthly,"Index, 2015=100",All-items HICP,Belgium,2021-01,107.82,,
ESTAT:PRC_HICP_MIDX(1.0),03/06/25 11:00:00,Monthly,"Index, 2015=100",All-items HICP,Belgium,2021-02,109.08,,
ESTAT:PRC_HICP_MIDX(1.0),03/06/25 11:00:00,Monthly,"Index, 2015=100",All-items HICP,Belgium,2021-03,110.07,,
ESTAT:PRC_HICP_MIDX(1.0),03/06/25 11:00:00,Monthly,"Index, 2015=100",All-items HICP,Belgium,2021-04,110.32,,
ESTAT:PRC_HICP_MIDX(1.0),03/06/25 11:00:00,Monthly,"Index, 2015=100",All-items HICP,Belgium,2021-05,110.62,,
ESTAT:PRC_HICP_MIDX(1.0),03/06/25 11:00:00,Monthly,"Index, 2015=100",All-items HICP,Belgium,2021-06,111.11,,
ESTAT:PRC_HICP_MIDX(1.0),03/06/25 11:00:00,Monthly,"Index, 2015=100",All-items HICP,Belgium,2021-07,110.58,,
ESTAT:PRC_HICP_MIDX(1.0),03/06/25 11:00:00,Monthly,"Index, 2015=100",All-items HICP,Belgium,2021-08,112.41,,
ESTAT:PRC_HICP_MIDX(1.0),03/06/25 11:00:00,Monthly,"Index, 2015=100",All-items HICP,Belgium,2021-09,112.35,,
ESTAT:PRC_HICP_MIDX(1.0),03/06/25 11:00:00,Monthly,"Index, 2015=100",All-items HICP,Belgium,2021-10,114.33,,
ESTAT:PRC_HICP_MIDX(1.0),03/06/25 11:00:00,Monthly,"Index, 2015=100",All-items HICP,Belgium,2021-11,115.95,,
ESTAT:PRC_HICP_MIDX(1.0),03/06/25 11:00:00,Monthly,"Index, 2015=100",All-items HICP,Belgium,2021-12,115.93,,
ESTAT:PRC_HICP_MIDX(1.0),03/06/25 11:00:00,Monthly,"Index, 2015=100",All-items HICP,Belgium,2022-01,116.99,,
ESTAT:PRC_HICP_MIDX(1.0),03/06/25 11:00:00,Monthly,"Index, 2015=100",All-items HICP,Belgium,2022-02,119.49,,
ESTAT:PRC_HICP_MIDX(1.0),03/06/25 11:00:00,Monthly,"Index, 2015=100",All-items HICP,Belgium,2022-03,120.28,,
ESTAT:PRC_HICP_MIDX(1.0),03/06/25 11:00:00,Monthly,"Index, 2015=100",All-items HICP,Belgium,2022-04,120.61,,
ESTAT:PRC_HICP_MIDX(1.0),03/06/25 11:00:00,Monthly,"Index, 2015=100",All-items HICP,Belgium,2022-05,121.61,,
ESTAT:PRC_HICP_MIDX(1.0),03/06/25 11:00:00,Monthly,"Index, 2015=100",All-items HICP,Belgium,2022-06,122.82,,
ESTAT:PRC_HICP_MIDX(1.0),03/06/25 11:00:00,Monthly,"Index, 2015=100",All-items HICP,Belgium,2022-07,122.03,,
ESTAT:PRC_HICP_MIDX(1.0),03/06/25 11:00:00,Monthly,"Index, 2015=100",All-items HICP,Belgium,2022-08,124.24,,
ESTAT:PRC_HICP_MIDX(1.0),03/06/25 11:00:00,Monthly,"Index, 2015=100",All-items HICP,Belgium,2022-09,125.90,,
ESTAT:PRC_HICP_MIDX(1.0),03/06/25 11:00:00,Monthly,"Index, 2015=100",All-items HICP,Belgium,2022-10,129.30,,
ESTAT:PRC_HICP_MIDX(1.0),03/06/25 11:00:00,Monthly,"Index, 2015=100",All-items HICP,Belgium,2022-11,128.07,,
ESTAT:PRC_HICP_MIDX(1.0),03/06/25 11:00:00,Monthly,"Index, 2015=100",All-items HICP,Belgium,2022-12,127.77,,
ESTAT:PRC_HICP_MIDX(1.0),03/06/25 11:00:00,Monthly,"Index, 2015=100",All-items HICP,Belgium,2023-01,125.66,,
ESTAT:PRC_HICP_MIDX(1.0),03/06/25 11:00:00,Monthly,"Index, 2015=100",All-items HICP,Belgium,2023-02,125.99,,
ESTAT:PRC_HICP_MIDX(1.0),03/06/25 11:00:00,Monthly,"Index, 2015=100",All-items HICP,Belgium,2023-03,126.23,,
ESTAT:PRC_HICP_MIDX(1.0),03/06/25 11:00:00,Monthly,"Index, 2015=100",All-items HICP,Belgium,2023-04,124.65,,
ESTAT:PRC_HICP_MIDX(1.0),03/06/25 11:00:00,Monthly,"Index, 2015=100",All-items HICP,Belgium,2023-05,124.91,,
ESTAT:PRC_HICP_MIDX(1.0),03/06/25 11:00:00,Monthly,"Index, 2015=100",All-items HICP,Belgium,2023-06,124.79,,
ESTAT:PRC_HICP_MIDX(1.0),03/06/25 11:00:00,Monthly,"Index, 2015=100",All-items HICP,Belgium,2023-07,124.05,,
ESTAT:PRC_HICP_MIDX(1.0),03/06/25 11:00:00,Monthly,"Index, 2015=100",All-items HICP,Belgium,2023-08,127.20,,
ESTAT:PRC_HICP_MIDX(1.0),03/06/25 11:00:00,Monthly,"Index, 2015=100",All-items HICP,Belgium,2023-09,126.73,,
ESTAT:PRC_HICP_MIDX(1.0),03/06/25 11:00:00,Monthly,"Index, 2015=100",All-items HICP,Belgium,2023-10,127.15,,
ESTAT:PRC_HICP_MIDX(1.0),03/06/25 11:00:00,Monthly,"Index, 2015=100",All-items HICP,Belgium,2023-11,127.05,,
ESTAT:PRC_HICP_MIDX(1.0),03/06/25 11:00:00,Monthly,"Index, 2015=100",All-items HICP,Belgium,2023-12,128.45,,
ESTAT:PRC_HICP_MIDX(1.0),03/06/25 11:00:00,Monthly,"Index, 2015=100",All-items HICP,Belgium,2024-01,127.51,,
ESTAT:PRC_HICP_MIDX(1.0),03/06/25 11:00:00,Monthly,"Index, 2015=100",All-items HICP,Belgium,2024-02,130.54,,
ESTAT:PRC_HICP_MIDX(1.0),03/06/25 11:00:00,Monthly,"Index, 2015=100",All-items HICP,Belgium,2024-03,131.05,,
ESTAT:PRC_HICP_MIDX(1.0),03/06/25 11:00:00,Monthly,"Index, 2015=100",All-items HICP,Belgium,2024-04,130.72,,
ESTAT:PRC_HICP_MIDX(1.0),03/06/25 11:00:00,Monthly,"Index, 2015=100",All-items HICP,Belgium,2024-05,130.98,,
ESTAT:PRC_HICP_MIDX(1.0),03/06/25 11:00:00,Monthly,"Index, 2015=100",All-items HICP,Belgium,2024-06,131.56,,
ESTAT:PRC_HICP_MIDX(1.0),03/06/25 11:00:00,Monthly,"Index, 2015=100",All-items HICP,Belgium,2024-07,130.76,,
ESTAT:PRC_HICP_MIDX(1.0),03/06/25 11:00:00,Monthly,"Index, 2015=100",All-items HICP,Belgium,2024-08,132.73,,
ESTAT:PRC_HICP_MIDX(1.0),03/06/25 11:00:00,Monthly,"Index, 2015=100",All-items HICP,Belgium,2024-09,132.21,,
ESTAT:PRC_HICP_MIDX(1.0),03/06/25 11:00:00,Monthly,"Index, 2015=100",All-items HICP,Belgium,2024-10,132.90,,
ESTAT:PRC_HICP_MIDX(1.0),03/06/25 11:00:00,Monthly,"Index, 2015=100",All-items HICP,Belgium,2024-11,133.13,,
ESTAT:PRC_HICP_MIDX(1.0),03/06/25 11:00:00,Monthly,"Index, 2015=100",All-items HICP,Belgium,2024-12,134.12,,
ESTAT:PRC_HICP_MIDX(1.0),03/06/25 11:00:00,Monthly,"Index, 2015=100",All-items HICP,Belgium,2025-01,133.07,,
ESTAT:PRC_HICP_MIDX(1.0),03/06/25 11:00:00,Monthly,"Index, 2015=100",All-items HICP,Belgium,2025-02,136.32,,
ESTAT:PRC_HICP_MIDX(1.0),03/06/25 11:00:00,Monthly,"Index, 2015=100",All-items HICP,Belgium,2025-03,135.71,,
ESTAT:PRC_HICP_MIDX(1.0),03/06/25 11:00:00,Monthly,"Index, 2015=100",All-items HICP,Belgium,2025-04,134.79,,
ESTAT:PRC_HICP_MIDX(1.0),03/06/25 11:00:00,Monthly,"Index, 2015=100",All-items HICP,Belgium,2025-05,134.67,e,
